area,aar,hy,n_samples,sopcorr,n0,n1,n2,n3,n4,mw0,mw1,mw2,mw3,mw4,ton
1r,1982,1,,1,0,0,0,0,0,0.004094948,0.0063532786,0.0100006209,0.0135266337,0.0152074697,0
1r,1983,1,66,1.0868863794,878979.90237,2054327.8975,32240614.66,859651.5485,356193.94997,0.0051397905,0.004682223,0.0097502345,0.0171371002,0.0197787666,350267.15876
1r,1984,1,101,0.8690916752,16912.743293,51830096.688,1871262.3964,11002983.096,366525.67695,0.0031761026,0.0056042844,0.0101166611,0.0133887057,0.0132166853,461615.20418
1r,1985,1,96,0.7980360345,5044846.4367,5978906.7004,30163929.683,1911101.1148,203390.27928,0.0043163738,0.0049818975,0.0092408167,0.0153336059,0.0166569302,362993.01839
1r,1986,1,23,0.8431383567,0,45988178.979,7729522.0255,1690734.1237,31622.209296,0.0034526078,0.0053320041,0.0115440373,0.0114048237,0.012822001,354127.03442
1r,1987,1,38,0.9163802074,0,3690066.2403,19311996.865,982095.31287,139935.86064,0.0037525293,0.0072038776,0.0105928531,0.0189161143,0.0139358242,251679.47951
1r,1988,1,39,0.8073950957,1199168.4063,1983694.7791,8507339.8063,15128100.585,2338378.3923,0.006326623,0.0065914977,0.0105858799,0.0159731064,0.0171902331,392559.91304
1r,1989,1,38,0.5767609083,41986.854849,64347026.79,6551397.1791,1385566.21,4876266.4528,0.0024740633,0.005067776,0.0084451068,0.0090758348,0.0111716191,448578.40697
1r,1990,1,1,0.9394162639,0,20073076.128,16582495.617,2454050.1911,741089.3362,0.0038468608,0.0063639241,0.0097926628,0.0149330165,0.017707428,339899.48008
1r,1991,1,22,1.1527083343,0,17243365.391,7929644.1504,1134771.2791,390292.546,0.0047202807,0.0078666396,0.0141359059,0.0376733545,0.017529777,297332.42668
1r,1992,1,51,0.8568432621,1976.6824213,59633543.627,9904167.2719,990317.89307,613759.89181,0.0021428948,0.0077882399,0.0118380084,0.0177869097,0.0194902985,611267.25575
1r,1993,1,17,0.9381653022,4663091.096,2726337.7273,7102835.2724,1968996.1476,593926.66499,0.0046504369,0.0066427539,0.01023341,0.0129598973,0.017701336,148513.31055
1r,1994,1,21,0.9044719005,0,28253665.499,3658746.1552,1900877.2825,1300531.3542,0.0037037654,0.0052432456,0.0077462489,0.0114515664,0.0162636092,219401.82208
1r,1995,1,34,0.9188209482,4593.2039744,47629795.474,8093727.8099,948606.9552,400763.70031,0.0023181706,0.0073471108,0.0110005165,0.01381903,0.017910091,459273.75904
1r,1996,1,34,0.869988506,8042321.7228,11234784.74,13173297.899,4915790.8781,931281.37503,0.0047147409,0.0049054333,0.0070469785,0.0097934439,0.014189466,247217.80501
1r,1997,1,33,0.945771372,0,39752452.353,2450275.6695,4178225.9521,1037519.4732,0.0038728846,0.006772152,0.0075167112,0.0093416827,0.0133703064,340531.27725
1r,1998,1,48,0.9433553483,8643.4404666,9633082.9738,31009882.823,2392365.5049,1687571.5424,0.0025233109,0.0056074205,0.0081103758,0.0104519161,0.0125243668,351680.92907
1r,1999,1,262,0.9518150867,313165.58972,42997235.376,5611485.4007,10656020.924,848116.81043,0.0042532569,0.0054593166,0.007771599,0.0104064814,0.0125875384,401245.09715
1r,2000,1,103,0.8975541426,18034622.412,35224276.825,3506212.3214,711110.18113,1231818.788,0.0029398288,0.0066088438,0.0088313332,0.0116469423,0.0135016112,341688.77063
1r,2001,1,195,0.9163739645,5489126.8451,60802479.487,8498632.7491,1074494.2978,833162.35684,0.0020075781,0.0044581388,0.0081592109,0.0104585441,0.0148175682,375010.96394
1r,2002,1,305,0.938842331,722601.35655,86157910.899,10917847.502,1282809.2178,415928.19756,0.004577319,0.0060595601,0.0076248493,0.0097515922,0.0131634637,626618.04226
1r,2003,1,283,0.9297985721,13846935.532,4004426.1203,13229664.179,1247103.1787,495520.43942,0.0023704619,0.0035342022,0.007107786,0.0084804311,0.0105583387,156817.55209
1r,2004,1,441,0.9174579301,5286218.0958,32594285.783,847574.81181,2452873.4382,516882.25715,0.0032110604,0.0048953948,0.0080198385,0.0085671779,0.0098913465,209460.54132
1r,2005,1,326,0.9497571323,1711181.4626,11307247.894,3991462.1727,256015.7426,417669.96568,0.0032884646,0.0066143318,0.0087881035,0.0102129332,0.0117896965,123033.30507
1r,2006,1,561,0.9314318997,2277065.8347,34243244.86,2575506.5627,808127.27096,161496.24025,0.0030493576,0.0059542582,0.0095813491,0.011232103,0.0120061814,246529.45932
1r,2007,1,298,0.9476138742,185977.81373,10459120.482,4567212.0145,312086.25335,173845.76174,0.0043767555,0.0058355774,0.0099383598,0.0138142849,0.014864183,114134.90591
1r,2008,1,292,0.9477088103,482235.06381,27668209.055,4378051.9156,1395485.0665,229923.3537,0.0025994471,0.0063153272,0.0106306983,0.0125116039,0.0147811934,243387.38591
1r,2009,1,324,0.8677472389,3692986.2373,17310934.958,13003317.944,1575395.4082,376224.78102,0.0048976835,0.0069086636,0.0103594738,0.0138815474,0.0151731689,299967.48296
1r,2010,1,174,0.965109479,149798.50285,43846438.41,2318572.4284,1079080.8031,128254.8992,0.0028602903,0.0059615058,0.0120138664,0.0134114784,0.0159986385,306198.25435
1r,2011,1,172,0.9483546433,226495.79847,1853296.6382,32175412.893,1443590.5549,319766.8111,0.0064236284,0.0052804011,0.0088782467,0.012056817,0.0148189169,319046.03318
1r,2012,1,219,0.9695404235,0,382773.3026,332903.1047,3094701.7567,105171.27734,0.0039702176,0.0074888139,0.0102577636,0.0119614325,0.0149359789,44869.261533
1r,2013,1,282,0.9352741391,131525.11266,18266272.277,7449378.78,2194955.726,4329252.4972,0.0045784406,0.0047623858,0.0065823517,0.0102139636,0.0110896032,207056.53708
1r,2014,1,137,0.9024754696,6999968.8003,8079523.1859,3041984.8276,359610.64419,356486.31756,0.0032458228,0.00502676,0.0073798958,0.00988898,0.0118427128,93561.960631
1r,2015,1,304,0.9468931207,209657.63636,27025430.63,1775080.61,555947.35616,170355.31653,0.0064228395,0.0052369788,0.0077987524,0.0091667528,0.0116670204,163805.39103
1r,2016,1,153,0.9706784628,0,132034.52474,1202713.4059,95531.964569,15065.968589,0.0039748779,0.0064030585,0.0105087551,0.012487526,0.0134676962,14880.307141
1r,2017,1,268,0.9346563685,62726.446757,35340853.669,3167712.1622,4791461.8152,111339.56071,0.0023230638,0.0050253908,0.0066640962,0.0086363579,0.0094337819,241288.38833
1r,2018,1,345,0.935001035,655556.32126,1844896.5424,15485569.297,1027846.2552,363005.21744,0.0035894993,0.004380098,0.0065958781,0.0087449682,0.0103619555,125324.80115
1r,2019,1,263,0.9083617126,12073887.122,5680662.823,854031.16843,1964878.3342,107084.08761,0.0021938709,0.0039859395,0.0070075474,0.0077034804,0.00942581,71261.748388
1r,2020,1,248,0.9373026819,923886.97865,12637448.513,1168335.8307,284215.78902,476910.85713,0.0031115958,0.0067372078,0.008972816,0.0113209857,0.0127246226,107785.25512
1r,2021,1,66,0.9725177369,22960.531908,1131892.3382,982916.35247,52242.410755,32876.283109,0.0051326413,0.0055891045,0.0092366086,0.0108118246,0.0119534689,16480.747775
1r,1982,2,,1,0,0,0,0,0,0.0039483325,0.0068509383,0.0107734498,0.0139060801,0.0158110594,0
1r,1983,2,13,0.8532892858,7270751.4954,187672.65637,2194206.1407,401150.30298,1563.9388031,0.003270438,0.0033711707,0.0086582906,0.0120968059,0.0131008318,48282.419188
1r,1984,2,15,1.0323036229,0,7850158.1394,76314.617731,480965.38009,36491.050837,0.0040758779,0.0073267342,0.0124124395,0.0167895313,0.0163218139,67134.055864
1r,1985,2,7,0.756810268,10413592.872,1653615.7526,2816205.3086,1948405.9026,259903.7417,0.0027538039,0.0061946453,0.010743036,0.0138699293,0.0155408018,100238.51513
1r,1986,2,3,0.8990349957,113688.72905,5430666.9679,297417.83581,244633.78304,18271.402883,0.0032734634,0.0074616906,0.012733304,0.0125020526,0.0142146957,47999.371253
1r,1987,2,24,0.9273281599,247038.20446,2565715.5799,5524371.1226,162481.50361,42278.350428,0.0045674729,0.0079896787,0.0111863756,0.0190199806,0.0146620406,87135.555885
1r,1988,2,3,1.0481665326,0,0,286982.20377,2555858.6011,83396.537848,0.00413851,0.0071809243,0.0130429837,0.0169703418,0.0233121981,49061.05491
1r,1989,2,2,1.1544769249,553.94975796,896844.65813,91401.710063,19388.241529,68135.820229,0.0070045181,0.0098345092,0.0153105186,0.0176216672,0.0257858634,12321.90885
1r,1990,2,0,1.4147042355,621299.58305,1496530.654,496415.24475,73889.900162,21854.759203,0.0023259174,0.0094187249,0.0145503687,0.0220962304,0.0266663186,24979.001101
1r,1991,2,3,0.7977220397,8424542.181,7934993.8776,239211.10279,77187.303515,0,0.0044608487,0.0054867503,0.0103066031,0.0260715259,0.0126128306,85595.782393
1r,1992,2,5,0.9880786677,119872.39622,3491507.1826,341725.78625,140447.50901,30415.384117,0.0050640868,0.0095979881,0.0148654577,0.0184871983,0.0235082261,42509.891642
1r,1993,2,6,0.8740896257,1978327.7067,450095.93147,291632.84918,175012.04275,49970.327285,0.0043328171,0.0070844953,0.010876056,0.0137667597,0.0171508914,18198.634172
1r,1994,2,1,1.0016982595,0,2158179.3282,149011.98298,81588.824654,116963.23739,0.0039550378,0.006862573,0.0107917459,0.0139296962,0.0158379107,19407.723463
1r,1995,2,7,0.9225074032,25608.507785,4506896.0505,1180724.6909,132239.66812,31264.632057,0.0023274715,0.0065404174,0.0096612845,0.0135698278,0.0175289629,43286.407808
1r,1996,2,9,0.608770558,4313827.8468,983927.37254,968534.49555,215857.07845,64163.479275,0.0032307608,0.0042661093,0.0067511519,0.0087114029,0.0133843939,27412.418566
1r,1997,2,8,0.9344358279,968.19425539,9494113.6166,162741.25593,248200.93292,112049.53846,0.0028700496,0.0079536434,0.0130060925,0.0135513674,0.0139297283,82556.481929
1r,1998,2,5,0.8336683506,936.53067507,480195.22373,1541333.3881,162387.43756,119888.95718,0.0025270727,0.0060483989,0.0088241674,0.0105926094,0.0133183297,19824.590127
1r,1999,2,5,0.9017760431,588629.85061,1714063.2037,158106.46635,895912.46119,321623.58597,0.0060673529,0.0063195876,0.0097255431,0.0116927414,0.0134438814,30740.810871
1r,2000,2,6,0.7477185249,6343604.848,3307192.5005,203334.12751,131180.61165,272951.15509,0.0028892203,0.0053068323,0.0077659802,0.0108498213,0.0119851662,42152.528003
1r,2001,2,28,0.9936439416,65281807.781,3229070.5069,450916.81949,42303.289488,73101.660804,0.0024186976,0.0037790548,0.0087817598,0.0119243438,0.0171296464,175816.27654
1r,2002,2,2,0.8570732971,10247.934708,598313.10831,112598.42204,26931.79224,52250.588729,0.0033840103,0.0058717563,0.0092336361,0.0119185299,0.0135512368,5616.5682029
1r,2003,2,19,0.7313905078,2050003.1826,367209.44131,4324942.3556,159643.55178,50406.043725,0.0021065645,0.0026652428,0.0039934955,0.0076415436,0.0071196794,24147.602076
1r,2004,2,14,0.8439494498,679824.82335,2252394.64,117894.75897,251481.91621,50807.460739,0.0034638519,0.0048560618,0.007030534,0.0071231571,0.0088949499,16364.718154
1r,2005,2,0,0.8115008974,155187.17918,383737.76174,152240.77986,11462.464523,24883.456189,0.0032040753,0.0055595426,0.0087426641,0.0112847965,0.0128306889,4410.2513164
1r,2006,2,2,0.8193123874,39209.349437,755586.24899,101378.03906,46392.27248,21674.825722,0.0032349177,0.0056130586,0.0088268208,0.0113934237,0.0129541968,6072.1814945
1r,2007,2,0,0.8243034078,6.3818662142,831.54025777,132.4519033,9.7389402101,3.7351915896,0.0032546239,0.0056472518,0.0088805913,0.0114628292,0.0130331102,6.0532559901
1r,2008,2,4,1.0627942167,6939.9891321,264552.3496,85004.433376,53810.276446,8093.7493686,0.0041962649,0.0072811376,0.0114499601,0.0147793015,0.0168039025,3859.9463419
1r,2009,2,4,0.7667443184,859904.35003,1988686.3735,401892.0321,40779.370122,2711.6036422,0.0030273615,0.005252918,0.0082604814,0.0106624079,0.01212304,16837.148628
1r,2010,2,0,0.9225715133,30798.547732,1234727.8035,39268.674154,2802.073297,566.52252834,0.0036426191,0.0063204805,0.0099392778,0.0128293533,0.014586833,8350.77524
1r,2011,2,0,0.7216360504,7793.2484801,38400.193569,338574.05406,15208.413727,1098.1461505,0.0028492591,0.0049438841,0.0077745097,0.0100351287,0.0114098305,3009.4464165
1r,2012,2,0,0.9374620716,0.46249888,204.44667312,106.15010146,403.64888515,25.273532289,0.0037014119,0.0064224948,0.0100997005,0.0130364226,0.0148222685,8.0236023799
1r,2013,2,1,0.7371616963,8231.2728768,770727.75032,179639.43611,76665.397289,52190.778092,0.0029105595,0.0050502493,0.0079417745,0.0102510296,0.0116553074,6737.1796077
1r,2014,2,1,0.8268619888,963266.26741,95046.886507,80295.819723,13916.281608,16467.749316,0.003264726,0.0056647805,0.0089081561,0.011498409,0.013073564,4773.8151828
1r,2015,2,0,0.8333414679,0.391195574,161.84664748,20.507024703,6.3453686248,2.6421661091,0.0032903092,0.005709171,0.0089779624,0.0115885132,0.0131760115,1.2177552358
1r,2016,2,0,0.8811395858,12.870297432,5.5082045046,13.960602349,1.9351670033,0.9837994136,0.003479032,0.006036633,0.0094929131,0.0122531976,0.0139317504,0.2479720018
1r,2017,2,8,0.9016138893,2512.2327691,261036.89078,40048.043235,38550.605468,6930.139048,0.0025980334,0.0057419881,0.0080654827,0.0094678274,0.0102030444,2264.1033836
1r,2018,2,4,0.5922668571,92548.698853,163442.93114,822509.03115,43568.094645,11709.938706,0.0023384665,0.0040575837,0.0063807572,0.0082361103,0.0093643665,6596.3236378
1r,2019,2,21,0.9185629302,6030274.6768,322287.96419,15871.51621,17187.49243,410.01616943,0.0022913388,0.003144912,0.0072031849,0.0089199215,0.010248466,15102.808466
1r,2020,2,4,1.130144319,45817.855867,89186.509263,12724.814607,2599.8787293,5118.6797671,0.0044621855,0.007742549,0.012175553,0.0157158774,0.017868779,1182.2342803
1r,2021,2,3,0.6807826529,1535.8512977,48383.198523,27948.125381,1559.9491805,1269.2709514,0.0026879563,0.004664,0.0073343777,0.0094670181,0.010763895,463.20001111
2r,1982,1,,1,0,0,0,0,0,0.0037275482,0.0072774637,0.0121868269,0.0161269925,0.017685486,0
2r,1983,1,35,0.7491550663,128328.73446,4420572.2482,5587864.8977,190027.86618,60702.835363,0.0017678657,0.006068479,0.0102799437,0.013421421,0.0159921575,88017.167595
2r,1984,1,41,1.0274389635,1633.8022727,10640997.076,974261.81961,1136489.9749,37575.470572,0.0056737032,0.0057009472,0.0109242014,0.0148050828,0.0181707574,88824.667701
2r,1985,1,28,0.9609897424,870164.39798,1390285.7693,5641924.1675,463473.33031,99213.619266,0.0018995019,0.0074316947,0.0098077925,0.0160803299,0.0204577736,76802.373901
2r,1986,1,15,0.6137398162,4519.913495,22723720.53,2900653.9448,396399.84384,4998.6182967,0.002561414,0.0060242015,0.0095469521,0.0098977774,0.0108542869,168573.98755
2r,1987,1,9,0.7113418498,0,1161080.8894,3414691.8869,169398.65973,26350.120489,0.002651561,0.0061014117,0.0111462989,0.0146836691,0.0125804263,47964.298651
2r,1988,1,13,0.9096006407,559703.68272,1616684.0379,4985951.5275,3530529.0383,524523.69583,0.0018645929,0.0057766399,0.0096790331,0.019764066,0.0199637715,138890.89083
2r,1989,1,5,0.5762486772,1245669.7086,25239452.05,1852867.5277,980656.00065,1045581.7645,0.0008746481,0.0058602843,0.0094963974,0.0090677744,0.0106693193,186643.46724
2r,1990,1,4,0.9808113849,0,8742149.4215,4840914.9943,716340.6145,216480.59926,0.0036560217,0.0066443487,0.0102241738,0.0155910358,0.018487701,122750.96643
2r,1991,1,21,1.2184574261,0,15366812.872,2377221.8704,499094.0485,173240.06294,0.0045418588,0.0074215994,0.0130386674,0.0398221972,0.0215490117,168650.30801
2r,1992,1,33,0.7369569859,132574.84656,13904338.955,4645264.9108,542237.44472,339727.11302,0.0020319833,0.0070948499,0.0097958164,0.0132405175,0.0153213094,156807.31813
2r,1993,1,25,0.9612184251,8611339.1876,6917364.4063,1002713.9913,541008.74758,248904.77066,0.0018515544,0.0074335775,0.014910447,0.0158829054,0.0176825625,95310.105461
2r,1994,1,29,0.8338209192,0,40876088.598,4235403.8096,192711.30881,65440.989847,0.0031081077,0.0044509567,0.0070613062,0.0164649054,0.0194934913,216293.82936
2r,1995,1,11,0.8873518096,908472.3883,5235276.4086,1734732.5939,250510.92462,84210.890119,0.0050644248,0.0100790248,0.0137449212,0.0169731611,0.0170636582,86900.041791
2r,1996,1,13,0.7994936931,4581433.672,4619225.7765,710263.96456,423315.02121,107346.89454,0.0029218658,0.0069388512,0.0131008997,0.0168269589,0.0209641617,64117.093587
2r,1997,1,55,0.9235781744,43711.588569,38872250.984,1615342.3279,264149.54282,45348.413886,0.0054877304,0.004423238,0.0068460003,0.007776179,0.0123703394,185854.77802
2r,1998,1,19,0.9184105648,2126038.0917,869639.63298,4900693.3862,193909.03881,130965.99664,0.0046799929,0.0061507072,0.0105230205,0.0151025642,0.0167715898,71993.870433
2r,1999,1,30,0.9220112126,639548.50929,1392595.3134,112532.42085,765339.53482,128738.32556,0.0051501003,0.0075985531,0.0121949305,0.0147632905,0.0168007113,28709.598783
2r,2000,1,41,0.9457591799,0,8182274.8508,436083.71223,246394.42552,559351.04873,0.0035253629,0.007588533,0.0120280369,0.0146518199,0.017582542,80781.63362
2r,2001,1,25,0.8950335446,1881313.2863,3638330.8777,723697.86214,84544.855692,292700.34854,0.0026304437,0.0061215732,0.0128751241,0.0157911633,0.0185370358,43299.555673
2r,2002,1,94,0.9440228366,14496.807588,17086656.042,302741.56595,112091.45676,48220.528328,0.0029302126,0.0057506151,0.0108471468,0.0132286229,0.0151935551,103800.60071
2r,2003,1,57,0.945644278,634244.23022,329486.37712,1777219.4609,103193.865,62691.535973,0.0030173215,0.0061034085,0.0113669698,0.013805186,0.0153240676,26511.608487
2r,2004,1,207,0.9273651745,1294678.0077,10649249.935,697905.13499,486526.0441,159411.06689,0.005812939,0.0068298325,0.0094336268,0.011491949,0.0126623587,94451.907097
2r,2005,1,38,0.9491098078,27139.630702,1938986.187,653885.62203,68822.863196,168324.99019,0.0043514214,0.0075634986,0.0113044306,0.0131177254,0.0138771429,25414.089217
2r,2006,1,55,0.9756454549,0,2322793.7497,283495.99975,98772.432067,26379.979476,0.0036367655,0.0083676209,0.0115692112,0.0136350611,0.0131789931,24410.512338
2r,2007,1,167,0.9633614917,19524.288901,5506321.0281,335825.00011,44176.274745,5547.1053199,0.0063849431,0.0072768535,0.0133984754,0.0154373193,0.0118242723,45440.449435
2r,2008,1,134,0.9630095347,41213.466187,4527851.6433,462969.34514,49107.622198,18483.4596,0.001389357,0.0058873541,0.0140746285,0.0216410131,0.0254168234,34762.977023
2r,2009,1,116,0.7549671183,557600.58599,3606995.5437,346028.06448,14583.962959,5008.407296,0.0038796431,0.0064235991,0.0083457547,0.0103688563,0.0124835117,28434.791614
2r,2010,1,270,0.9510129968,0,6786463.9808,82458.433439,90911.343998,15538.973732,0.0035449468,0.0058330866,0.0094085728,0.0116580272,0.0124405554,41615.008891
2r,2011,1,53,0.9805595205,0,616051.02894,1380607.2353,228865.06729,46014.106569,0.0036550829,0.0072748233,0.0120247652,0.0138486756,0.014516455,24920.579954
2r,2012,1,112,0.9766193227,8013.4438697,289018.57324,310935.0058,307770.26117,41471.453197,0.000696508,0.0091593391,0.0126329375,0.0138681109,0.0153794365,11486.822748
2r,2013,1,217,0.9500199046,0,4462208.22,1033426.5065,316130.97638,76611.9484,0.003541245,0.0064883248,0.0085309136,0.0143303683,0.0142771035,43392.39848
2r,2014,1,133,0.904719542,40072.273613,5564297.1953,2942462.3163,309728.18954,80625.564944,0.0039844826,0.0054902881,0.0091484413,0.0121475467,0.0138696712,62508.893602
2r,2015,1,114,0.9752652682,0,2121173.5108,832887.35574,637403.13662,221580.46875,0.0036353483,0.0070979848,0.0123798093,0.0143849316,0.0154334717,37955.800366
2r,2016,1,156,0.9525270254,1942508.2967,279347.29558,135850.58578,98873.886528,60300.441563,0.0018056197,0.0034646019,0.0127263246,0.0137721233,0.0144637219,8438.0092221
2r,2017,1,190,0.9681728815,0,21966870.041,243186.7965,74744.770594,12887.127649,0.0036089111,0.0057766819,0.0078849608,0.0103571465,0.0150012098,129780.60453
2r,2018,1,135,0.9847102221,186.70665085,53156.676859,1987422.8693,56994.643551,12267.998973,0.0038303707,0.0043890433,0.0094413641,0.013064671,0.0138064814,19911.999289
2r,2019,1,83,0.9753697307,11853.389014,205668.17804,50088.947973,170259.06876,3622.2824647,0.0047695081,0.0083417371,0.0128107278,0.0155218706,0.0182967857,5122.8559504
2r,2020,1,195,0.9527548602,403930.04373,7484866.8097,422193.88313,178398.50019,342131.49313,0.0029369167,0.0070868449,0.0135735231,0.0154731084,0.02088372,69866.414947
2r,2021,1,51,0.939304924,57.532740019,710682.11101,121454.16916,2668.300587,3043.1839632,0.0036929355,0.005205527,0.0098871703,0.012406514,0.0144367155,4977.5633447
2r,1982,2,,1,0,0,0,0,0,0.0040299476,0.008916702,0.0132007833,0.0161154221,0.0178717181,0
2r,1983,2,14,1.407753355,9860491.9283,372802.70971,495868.18842,44238.599753,83.789582921,0.0034241499,0.0114722206,0.0169882248,0.0219626356,0.0280146321,47438.540793
2r,1984,2,5,1.5758560195,0,2891709.703,174901.26974,134880.8964,5875.4197762,0.0063506171,0.0113492188,0.0160860431,0.0233791794,0.0281632545,38950.991029
2r,1985,2,4,1.3695525367,1993260.7633,407181.48988,783755.14234,413048.22422,53622.282877,0.0042812399,0.0096999261,0.0151734613,0.023095339,0.0278463382,35408.209083
2r,1986,2,2,0.8055120493,1507556.1576,3489852.7896,208739.76278,91470.966388,6831.8564108,0.003602072,0.0099341523,0.0144831347,0.0129811667,0.0143958842,44408.011594
2r,1987,2,3,0.913073861,78942.108432,889311.57976,1100859.7582,31990.372354,8324.0254595,0.0014504114,0.0083739158,0.0130813112,0.0187276175,0.0163181986,22697.144504
2r,1988,2,2,1.2231124899,11928974.759,1159811.6562,426658.01642,1170088.2218,50037.096753,0.0027765613,0.0085083325,0.0151686648,0.0292192871,0.0272031588,85011.736219
2r,1989,2,4,0.9477391163,2606691.5999,3595608.8564,260391.75067,10416.040267,36604.94151,0.0035521391,0.0102594326,0.0146375076,0.0144660694,0.0173386816,50745.08469
2r,1990,2,0,1.9093864431,5725324.4264,999610.2015,232966.41929,34720.235754,10230.047786,0.0031392252,0.0127121875,0.0196382227,0.0298226595,0.0359907788,36658.998871
2r,1991,2,11,1.0705533643,11330117.955,4243664.0484,128948.64437,41052.159773,1612.555309,0.0034339903,0.0067619943,0.0119173458,0.0349883273,0.0191326279,70607.071941
2r,1992,2,9,1.3402726077,7368016.8551,1059298.7759,101845.27865,40527.583583,8776.6741518,0.0044606926,0.0160064169,0.0218820681,0.028738424,0.0289952056,53469.801663
2r,1993,2,38,0.9796574468,20092997.346,594620.11782,516234.50409,180912.02563,42145.014662,0.0024480788,0.0102860023,0.016223013,0.018109338,0.0214928044,67862.395329
2r,1994,2,9,0.8219542034,0,7078528.5617,847918.75887,263131.05023,87227.990877,0.0033124323,0.0079130545,0.0139646989,0.0164415894,0.017792011,73731.96636
2r,1995,2,21,0.8779103475,1005659.6794,2122563.244,2032031.2883,248733.3444,177034.59198,0.0052853297,0.0114921169,0.0129842691,0.0163303423,0.0182969278,63393.518811
2r,1996,2,49,0.9481659398,28670576.675,6414851.5781,258508.75473,159374.96444,38743.033988,0.0030967804,0.0044696866,0.0155460979,0.0177679004,0.0210386727,125124.51906
2r,1997,2,23,0.926794427,28838.077719,8991692.4358,263772.01935,69614.781688,36926.979426,0.0055765695,0.0067712965,0.0108998837,0.0129409986,0.013551306,65322.610555
2r,1998,2,12,0.9332020973,1063413.8069,48543.427063,1480660.1107,104915.97423,78069.752037,0.0046829672,0.0091824823,0.0139860295,0.0167210233,0.017285452,29238.010562
2r,1999,2,22,0.7872531177,7322102.0522,720990.88026,101426.31766,475552.48729,78664.596491,0.0045206389,0.0064534085,0.0081946326,0.0105428185,0.0141786472,44713.600825
2r,2000,2,7,0.9691660574,0,1002422.2394,179267.36896,108089.09496,166944.64373,0.0039056884,0.0115898208,0.0139834076,0.01739237,0.0187497332,19134.755819
2r,2001,2,21,0.8992491218,8312214.5222,3502445.8314,574868.62063,74917.385911,233410.30778,0.0029800726,0.0049075401,0.0122445942,0.0158194685,0.0186722863,54541.886487
2r,2002,2,18,0.9372733847,3184.8202339,1391187.9334,198132.78458,48098.789199,29633.339621,0.0029092625,0.0081711605,0.0122833694,0.0134160479,0.0150969316,14903.291735
2r,2003,2,137,0.8997089995,6593836.0026,162620.24246,473377.26924,38480.551586,14439.49726,0.0034675678,0.0046540883,0.0113673195,0.0136973338,0.0155020736,29753.37621
2r,2004,2,10,0.8761772274,761593.62846,1986259.9717,206727.10783,271775.96326,42386.758623,0.006118663,0.0080248263,0.0102623318,0.0112324038,0.0120948543,26286.187213
2r,2005,2,4,0.8933163071,2075.5760159,505254.8084,312026.45808,30879.918978,88260.887592,0.0036000179,0.0079654353,0.011792475,0.0143961694,0.0159650972,9565.2569914
2r,2006,2,4,1.1605541271,0.0275013364,1148196.4621,108976.41143,48290.976146,18124.033463,0.0046769723,0.0103483153,0.0153202236,0.0187028196,0.0207410962,14830.531862
2r,2007,2,0,0.674016116,0.5448053858,50.363270159,8.0437050911,0.5756853392,0.2162578708,0.0027162496,0.0060100008,0.0088975407,0.0108620542,0.012045826,0.384590447
2r,2008,2,1,1.0096540784,2.8511588853,219298.40291,50841.342214,6191.6582543,1268.0531715,0.004068853,0.0090027845,0.0133282247,0.0162710016,0.018044253,2775.5582578
2r,2009,2,6,0.6646367895,282437.53812,2006149.6337,24145.109811,3016.2983265,2474.2634521,0.0061092047,0.0050178321,0.0107849015,0.0069352782,0.0109649774,12100.442541
2r,2010,2,0,0.6224486683,794.52087761,1277699.8968,40521.200678,27143.065189,4655.7520672,0.0025084355,0.0055501893,0.00821681,0.010031023,0.0111242271,7750.4886356
2r,2011,2,0,0.9994635424,0,17011.904046,84096.735883,15597.626135,3119.6592546,0.0040277857,0.0089119186,0.0131937017,0.0161067769,0.0178621307,1568.1071912
2r,2012,2,1,0.946059309,5474.7511255,11664.812024,81937.695543,1312.631153,21.194403648,0.0038125694,0.0084357289,0.0124887239,0.0152461451,0.0169077052,1162.9422343
2r,2013,2,7,0.980362843,0,434554.25061,48579.132748,23355.708427,4363.7185196,0.0039508108,0.0097780197,0.0123519329,0.0150528557,0.0159720365,5270.3937853
2r,2014,2,1,1.0994386448,190436.63302,37515.551657,32842.170187,15067.264174,32512.173111,0.0044306801,0.0098033668,0.0145134513,0.0177179178,0.0196488575,2593.9833519
2r,2015,2,2,1.0134520081,0.4729398599,10036.857506,19679.419049,16816.678712,6510.6728794,0.0040841584,0.0090366495,0.0133783604,0.0163322069,0.0181121286,746.55547498
2r,2016,2,0,0.3781637129,23567.750926,3400.3680008,148.97652401,69.465140397,21.062031034,0.0015239799,0.0033719731,0.0049920572,0.0060942679,0.0067584353,48.692113863
2r,2017,2,15,0.9848862848,7.8655540512,1240838.1982,4724.1598179,22862.778718,1331.5390439,0.0025323947,0.0081615766,0.0101297661,0.0105321326,0.0145287853,10435.209969
2r,2018,2,0,0.964469843,16.256570567,93.200099473,19328.445624,2000.9805598,262.05836277,0.0038867629,0.0085998902,0.0127317574,0.0155428386,0.0172367331,282.56772479
2r,2019,2,0,0.9469664204,23.27306937,62.775967891,43.148466177,113.39939318,1.8231535954,0.003816225,0.0084438174,0.0125006985,0.0152607636,0.0169239169,2.9196862733
2r,2020,2,0,1.3391871051,3911.8642401,14412.107323,1495.0243809,652.79287126,2927.4817674,0.0053968538,0.0119411323,0.0176783188,0.0215815655,0.0239335744,303.79155239
2r,2021,2,0,0.7526656606,149.96048759,159.04336529,115.37415893,16.000146852,38.976946566,0.0030332031,0.0067112954,0.0099357763,0.0121295248,0.0134514285,3.3869492479
3r,1982,1,,1,0,0,0,0,0,0.0037016983,0.0075337799,0.01332044,0.0190538173,0.0250583523,0
3r,1983,1,0,1.0143642035,4038.5597011,2528085.8104,686513.41427,43386.696476,6953.9087743,0.0050379242,0.0064279588,0.0102459351,0.016366752,0.0195513096,24150.806628
3r,1984,1,13,0.8652287368,158.68914827,5497357.1874,723300.66068,168683.14985,5367.6534914,0.0031619855,0.0057464883,0.0135473941,0.0128364125,0.0216812065,43671.503097
3r,1985,1,1,1.3014075653,10968.367078,317523.73378,438020.37123,117679.1672,54841.008228,0.0062184924,0.0071174954,0.0137696424,0.0249931385,0.0278256469,12826.722519
3r,1986,1,25,0.6763355515,6256.6479409,21485093.128,2339481.8411,182170.17805,63.755766326,0.0026088775,0.0060593639,0.010268526,0.012886774,0.0169478545,156574.01664
3r,1987,1,61,0.9478288838,0,29674004.472,12419824.802,403332.05217,176257.09353,0.0035085766,0.0063741877,0.0117652211,0.0205517091,0.0237510301,347745.10858
3r,1988,1,60,1.2703432852,1654552.6186,6645789.7742,17482339.418,896946.52861,18705.845582,0.0034015493,0.0055438301,0.0131226392,0.0204767213,0.0283012959,290781.52857
3r,1989,1,47,0.9359057364,5357452.0154,49631956.45,1947711.8729,2962643.5893,4824.3578176,0.0050531204,0.006008304,0.01111734,0.015292877,0.0174825804,392320.79558
3r,1990,1,39,1.0424177206,0,12899920.546,3876419.1819,573478.22253,173625.62816,0.0038587159,0.0074510926,0.0097133362,0.015909201,0.020448985,146445.51345
3r,1991,1,28,1.0124729926,0,27031854.988,1584833.3329,594320.16963,208069.01659,0.0037478696,0.0073796499,0.0117654181,0.0335175476,0.0253709049,243330.90629
3r,1992,1,29,0.7013761616,116221.01851,8619539.5886,3481481.6113,416348.58183,261256.77111,0.0015234275,0.0063186802,0.009911848,0.0152815911,0.0205754516,100887.03017
3r,1993,1,41,0.9957237521,6581688.9855,15875937.662,742304.20797,301034.8441,2002168.6876,0.0031039289,0.0060526498,0.0153641049,0.0178068037,0.0236278052,180592.74605
3r,1994,1,40,0.9182951979,0,23983485.964,5337379.9741,1335129.7214,508217.73212,0.0033992518,0.0056981177,0.0139009918,0.0187172644,0.018968349,245485.62815
3r,1995,1,46,0.9312135505,2747.962184,36635873.873,2097061.914,289300.53993,15365.128034,0.0043942323,0.0052525314,0.0100932535,0.0135537488,0.0144000808,217751.69673
3r,1996,1,75,0.9718563234,74598.393008,5041232.4116,4218076.2875,658678.60701,554096.34607,0.0025331608,0.0081139352,0.0127852406,0.0277362765,0.0396508636,135262.01356
3r,1997,1,101,0.9640117212,1143714.4949,67531782.311,3141559.9114,643447.55925,225301.20482,0.0035191059,0.0046858912,0.0096292687,0.0145557057,0.0213139747,364890.26118
3r,1998,1,102,0.9800962748,2478063.4195,4848450.311,29592843.946,2742497.9201,335784.61085,0.0027498345,0.0047406753,0.0090410494,0.0128195151,0.018232289,338629.17143
3r,1999,1,36,0.9874124063,282632.84559,5350202.9544,1553613.5772,1982597.7815,433657.16707,0.0063826977,0.0069850738,0.009743315,0.0142355507,0.0271090437,94292.27124
3r,2000,1,51,0.8832070111,1753793.1393,18180386.989,4153937.2248,672580.63489,544427.94009,0.0043771359,0.0067283042,0.0102862384,0.0128724748,0.0191385865,191805.51248
3r,2001,1,16,0.9426722038,2112600.1945,5090569.6285,1155423.6922,196848.03147,174335.55571,0.002952046,0.0060840526,0.0133475268,0.0177076959,0.0248340941,60445.025931
3r,2002,1,49,0.9264427301,0,10968827.591,3807968.3187,483996.05076,169894.36429,0.0034294115,0.0080282548,0.0121001993,0.015245708,0.0213208391,145138.8712
3r,2003,1,26,0.9639819591,560339.48748,1052231.2617,894871.08496,153803.38949,88169.665388,0.0032033606,0.0051349672,0.0136801489,0.0186686998,0.0251042736,24524.856822
3r,2004,1,22,0.9299127342,728741.04701,2173550.3055,306648.28204,150485.18294,109035.01606,0.0034238458,0.0060978464,0.0089241771,0.0122819356,0.0164369743,22126.11158
3r,2005,1,34,0.9610205883,0,2006973.5656,215553.00653,32585.39732,17426.402381,0.0035574083,0.0071770595,0.015357272,0.0177404276,0.0212992525,18663.723103
3r,2006,1,70,0.9820070939,0,844758.32619,58582.95199,37695.735315,5022.4126868,0.003635094,0.0070221179,0.0119878461,0.0150678621,0.0241094112,7323.3575075
3r,2007,1,153,0.9609126593,78466.897413,6816238.8597,692939.06383,130904.25993,45476.603861,0.001342196,0.0083107305,0.0156947736,0.0236484473,0.030183274,72097.078995
3r,2008,1,128,0.955194734,70663.25057,2978940.3639,2057959.1009,529516.70272,124006.24312,0.0010799012,0.00889236,0.0164988667,0.0228983662,0.0287624374,76211.901583
3r,2009,1,13,0.8446803158,521.03277608,834208.45357,82937.485297,4796.8248892,1331.7743249,0.0052137396,0.0058956726,0.0082282728,0.010553312,0.013966935,5672.5918866
3r,2010,1,52,0.9656284984,0,1701642.9667,1416185.121,305834.94727,112459.40008,0.0035744654,0.0093045099,0.0216523774,0.021811689,0.0261505893,56108.384941
3r,2011,1,44,0.9698530191,0,250535.7362,5235253.1325,339745.2066,65505.30153,0.0035901033,0.0085174394,0.0150989022,0.0239425703,0.0292282671,91229.477916
3r,2012,1,43,0.9862066792,0,2603.8378299,49630.492145,1097703.2224,336271.96881,0.0036506396,0.0088388955,0.0143759591,0.0267580053,0.034178769,41602.211541
3r,2013,1,60,0.9830339436,0,549355.88557,99015.549054,16713.711571,91506.644038,0.0036388951,0.0111395293,0.0144681486,0.0173208402,0.0275536406,10362.974354
3r,2014,1,70,0.9431763139,1647894.2757,5795130.674,899712.66068,86542.397211,76884.432261,0.0041918081,0.0121101361,0.0168123352,0.0177540344,0.0261671789,95762.073868
3r,2015,1,185,0.9803818777,0,6962751.5631,1737917.8295,143223.56523,115730.73293,0.0036290779,0.0096791905,0.0173589857,0.0246621654,0.0301805282,104587.30745
3r,2016,1,155,0.9722537555,702372.32047,127355.45245,2221322.3356,214557.51415,212249.90296,0.001643111,0.0052756853,0.0132824165,0.0226729188,0.0373888257,44130.911098
3r,2017,1,79,0.9665450232,91403.8039,12855277.83,258245.90632,551899.93588,151467.23772,0.0025466257,0.008215713,0.010839504,0.0173363696,0.0259182119,122141.00272
3r,2018,1,162,0.9775962349,11.377875858,396145.12723,6287727.003,47556.086523,383173.15264,0.0038026984,0.005233533,0.0099570764,0.0152736985,0.0239836495,74596.907759
3r,2019,1,177,0.9732990409,376468.03824,6435061.2461,741871.70188,4033644.4869,153366.9313,0.0046818602,0.0093214413,0.0113910678,0.0156255792,0.0210499161,136453.71968
3r,2020,1,190,0.974602785,528415.04741,19907433.937,1735156.5766,362591.54283,1042950.6397,0.0049605904,0.0093882735,0.0160082068,0.0193871221,0.0221377152,247412.58079
3r,2021,1,167,0.9865683775,30734.009907,2286918.7905,4220854.3277,995408.42888,2358127.2003,0.0026893779,0.0082057605,0.0142485898,0.0192515955,0.0252208092,157626.86189
3r,1982,2,,1,0,0,0,0,0,0.0039448937,0.0086477884,0.0136426082,0.0169680196,0.019284082,0
3r,1983,2,0,1.4716603284,1826064.9732,69940.29666,72941.03546,4385.6951701,0,0.0037399796,0.0089257152,0.0152566658,0.0185096604,0.0283796185,8647.7275859
3r,1984,2,0,1.8380255181,0,262645.68602,24798.675818,9683.103581,74.216293683,0.0072508153,0.0137824746,0.0207560015,0.0272686894,0.0354446348,4401.3049645
3r,1985,2,0,1.5122605124,79594.978208,19507.430464,40063.058872,17930.532168,2280.0338733,0.0061542988,0.0128911812,0.0194378282,0.0229078973,0.0281632195,1995.0278381
3r,1986,2,11,0.9637628249,8062241.11,8126312.1097,541950.6122,4409.3753347,329.33093786,0.0039303475,0.0126673599,0.0216583257,0.0163531465,0.0185852814,146442.29976
3r,1987,2,9,1.5126407037,418646.84775,5306201.2733,191297.8066,273.48126519,71.160941452,0.0068471495,0.0131134814,0.0217713228,0.0310250439,0.0291698874,76624.676256
3r,1988,2,14,1.283497359,9519577.7453,925554.58072,255820.40994,179758.60618,15328.090748,0.0039935049,0.006757946,0.0174128884,0.0233889309,0.0285461744,53367.820715
3r,1989,2,1,0.9171083051,976209.15437,1243262.5827,86986.909592,1666.0608122,5855.0137114,0.0050589771,0.0091387587,0.0133184978,0.0165900522,0.0167782976,17584.908716
3r,1990,2,0,1.9773217437,10367270.168,1475285.6784,308217.49993,45957.866009,13520.947052,0.0032509178,0.0131644827,0.0203369438,0.0308837393,0.0372713181,61316.011912
3r,1991,2,11,0.6664008878,23798595.489,1832602.9562,58504.909686,17096.829261,5163.503169,0.0036953878,0.0055444556,0.0122347696,0.0227048223,0.0128509294,99276.15624
3r,1992,2,0,1.0646841531,603093.83986,100714.28172,9707.4238515,3880.8992688,840.44952318,0.0054567042,0.0098495568,0.016970348,0.019920506,0.0233218198,4544.5443705
3r,1993,2,25,0.9889977406,11898687.337,951273.28508,212624.36859,68173.70189,23806.795363,0.004051963,0.0083692878,0.018021986,0.0221063833,0.025131205,62111.801528
3r,1994,2,21,0.8023647509,0,1639586.0738,1308095.1915,149579.06162,27916.829863,0.0031652437,0.0138811834,0.020563437,0.0316947438,0.0246901025,55088.467366
3r,1995,2,13,0.9430917552,1993994.461,594747.69569,220148.37088,42892.882178,40928.275709,0.0081040263,0.0097553912,0.0115135513,0.0143975253,0.017058529,25811.797029
3r,1996,2,93,0.8407945285,12468506.577,2730844.4337,105928.60956,35054.008901,177654.77231,0.0026409666,0.0088440705,0.0155765151,0.0194482511,0.02794451,64376.902941
3r,1997,2,49,0.9230689128,5230668.8498,18973838.442,626779.14674,15300.391046,9518.8813277,0.0022230806,0.0052180033,0.0067251801,0.0136542818,0.012923225,115180.88257
3r,1998,2,55,0.9893144944,44133600.135,2841300.5099,1612699.07,233813.08661,29736.790056,0.0026802065,0.0050023917,0.0116955263,0.0148598496,0.0186327744,155390.33126
3r,1999,2,12,0.8517672185,21660480.173,1452630.964,92680.062162,457086.82566,257766.84366,0.0034356807,0.0083986703,0.0126171315,0.0142972827,0.0207385896,99668.839205
3r,2000,2,0,0.9383192706,320247.05354,187078.35828,28667.324447,33563.401018,30874.722021,0.0037015698,0.0081143865,0.0128011221,0.0159214198,0.0180946258,4163.460391
3r,2001,2,42,0.9744360821,33878791.449,4877130.9227,63307.369431,6454.3118773,31178.613489,0.003406361,0.0053964967,0.0079977015,0.0093387407,0.0102587329,142609.25467
3r,2002,2,0,1.1507185133,0,47883.742227,11154.072461,3375.7610275,1417.831291,0.0045394622,0.0099511703,0.0156988018,0.0195254143,0.0221905502,748.98043341
3r,2003,2,8,0.8845380357,4363084.2904,95417.922264,51249.106658,2771.3160438,913.715811,0.0030160872,0.0038842622,0.0078607699,0.0107044122,0.0121789288,13973.721933
3r,2004,2,7,0.9534730339,2179105.1054,957971.55339,14824.214245,11147.311844,1984.4721673,0.0035830179,0.0046395678,0.0086267267,0.0090592512,0.010247285,12501.552638
3r,2005,2,0,0.8360098297,9.2250200211,520.70759567,460.27925162,44.390570757,89.851281828,0.0032979699,0.0072296361,0.0114053545,0.0141854312,0.0161216821,11.122851532
3r,2006,2,0,1.0391970111,0.0123668117,7190.6336523,1716.1064371,1139.1200701,1094.4025664,0.0040995218,0.0089867559,0.0141773576,0.0176331152,0.0200399604,130.96839437
3r,2007,2,,1,0,0,0,0,0,0.0039448937,0.0086477884,0.0136426082,0.0169680196,0.019284082,0
3r,2008,2,,1,0,0,0,0,0,0.0039448937,0.0086477884,0.0136426082,0.0169680196,0.019284082,0
3r,2009,2,0,0.438788232,5490.578183,32325.455457,1292.5607616,217.45110063,54.709046736,0.0017309729,0.0037945478,0.0059862159,0.0074453673,0.0084616283,141.98400695
3r,2010,2,0,0.6376078112,43.683800617,70249.617237,2227.9087952,1492.3613479,255.97935908,0.002515295,0.0055138975,0.0086986335,0.0108189418,0.0122956813,426.13203728
3r,2011,2,,1,0,0,0,0,0,0.0039448937,0.0086477884,0.0136426082,0.0169680196,0.019284082,0
3r,2012,2,,1,0,0,0,0,0,0.0039448937,0.0086477884,0.0136426082,0.0169680196,0.019284082,0
3r,2013,2,,1,0,0,0,0,0,0.0039448937,0.0086477884,0.0136426082,0.0169680196,0.019284082,0
3r,2014,2,,1,0,0,0,0,0,0.0039448937,0.0086477884,0.0136426082,0.0169680196,0.019284082,0
3r,2015,2,0,1.4713268094,0,0.7072575073,0.1057612593,0.0277412054,0.0320279927,0.0058042279,0.012723723,0.0200727352,0.0249655021,0.0283731869,0.0127231757
3r,2016,2,,1,0,0,0,0,0,0.0039448937,0.0086477884,0.0136426082,0.0169680196,0.019284082,0
3r,2017,2,0,0.8299138366,0.000032194,0.0197570398,0.0029585879,0.0033251305,0.0007240063,0.0032739219,0.0071769193,0.0113221893,0.0140819942,0.0160041265,0.0002338093
3r,2018,2,2,0.8780720817,1.2072515845,1574.3896844,45002.951196,711.9334163,824.59922262,0.003463901,0.0075933816,0.0119791934,0.0148991443,0.016932814,575.62816142
3r,2019,2,0,1.1494781218,92.217838025,195.02974022,7.3380717547,122.1867803,6.8912451155,0.004534569,0.0099404436,0.0156818796,0.0195043673,0.0221666304,5.0078565689
3r,2020,2,,1,0,0,0,0,0,0.0039448937,0.0086477884,0.0136426082,0.0169680196,0.019284082,0
3r,2021,2,2,0.9868096088,10274.17305,7199.0819971,1344.8044085,92.253698802,204.87943611,0.003892859,0.0085337207,0.0134626568,0.0167442048,0.0190297174,124.97901539
4,1982,1,,1,0,0,0,0,0,0.0039163259,0.0060238941,0.0102727441,0.0146335262,0.0177235244,0
4,1983,1,0,0.9734423436,8758.7065905,117845.52806,342080.3487,10090.801984,3754.916623,0.0048346824,0.0061686397,0.0098325897,0.0157064784,0.0187625634,4361.7707135
4,1984,1,0,0.9375212301,71.949057084,238128.93387,10444.523625,47038.488624,1566.0368444,0.003426179,0.0054982716,0.0107628726,0.0139089338,0.0166161804,2102.2339122
4,1985,1,19,1.3712027643,9934.7316795,1084575.1769,1371455.4446,403694.37575,192040.54742,0.0065519935,0.005842448,0.0148413814,0.0269698082,0.0285248773,43121.452725
4,1986,1,1,0.8895338399,518.00299661,1798204.0417,196952.24822,15795.588256,18.619126658,0.0032388689,0.0059817422,0.010909055,0.0130170167,0.0157656747,13112.538549
4,1987,1,1,1.0130759122,0,513455.23097,247097.81694,8667.6257837,3263.6617967,0.0039675354,0.0063973109,0.0116156505,0.0209121275,0.0179552756,6394.7930635
4,1988,1,0,1.1767711439,12123.850055,48707.925926,128118.40242,6519.1024147,128.50391416,0.0077105126,0.0063555321,0.012491891,0.0189054043,0.0258275876,2130.0522149
4,1989,1,0,0.8798297163,54187.94206,522527.06025,21797.63118,30402.844274,1613.6200647,0.0037741019,0.0061605738,0.0110244483,0.0138448862,0.0162901617,4111.0942434
4,1990,1,0,0.9457459855,0,219315.20579,170115.66159,25175.167626,7603.2765915,0.0037038495,0.0064068038,0.0098586451,0.0150336341,0.0178267394,3596.2353221
4,1991,1,0,1.1160065723,0,1159306.4705,457780.13538,68063.690256,23435.201839,0.0043706454,0.0079825753,0.0136359778,0.0364738503,0.0197795697,18442.613991
4,1992,1,4,1.0289188688,2360.0477591,7712017.2285,1318050.6864,133030.49609,82505.499075,0.0025732418,0.0072241325,0.0145822417,0.0184550717,0.0228442945,79278.708225
4,1993,1,11,0.9768798856,160569.20898,1600666.555,7534669.0849,2120157.8552,535191.68463,0.005570815,0.0072179664,0.0120708882,0.0154229395,0.0207709615,147213.71948
4,1994,1,13,0.9709881569,0,1566782.7401,2407241.1615,6962203.6922,2636474.5335,0.003802706,0.0105195867,0.0091553096,0.0128642421,0.0181951685,176055.51733
4,1995,1,7,0.9591209542,0,4217070.5799,1846771.4698,722424.18907,40261.811119,0.0037562302,0.0070571414,0.0134871092,0.0164797558,0.0148316347,67170.594551
4,1996,1,5,0.9377115037,316110.9552,844797.38617,1369029.4233,174206.29385,189735.66946,0.006688175,0.006633189,0.0142584419,0.0191551354,0.0258741596,35484.328652
4,1997,1,22,0.9782294752,0,3047724.9137,314676.25229,1744342.2807,409136.80618,0.0038310654,0.0065555024,0.0072831592,0.0103724903,0.0164649525,47100.796751
4,1998,1,7,0.9767904556,0,2939077.2968,3888402.3649,223193.302,116442.04313,0.0038254297,0.0051652083,0.0093340216,0.0124336246,0.013023148,55766.921817
4,1999,1,45,0.9792777338,0,1542443.8226,1058893.7952,1440007.68,234411.92792,0.0038351707,0.0059628856,0.0114461768,0.0173619502,0.0216596372,51396.320619
4,2000,1,60,0.9298714736,27860.846778,6141391.2059,363917.02344,335471.69472,349876.67389,0.002520486,0.0041227903,0.0088348489,0.0140240162,0.0185011662,39782.829839
4,2001,1,93,1.000083951,4275.7518885,2506333.0541,5229435.019,628590.87932,408910.81116,0.0031640173,0.0033438959,0.0058041533,0.0089155047,0.0136823413,49945.950053
4,2002,1,66,0.9945584248,12278.356873,393781.17991,849390.88356,494697.14284,89159.91295,0.0018894693,0.0037748561,0.006150383,0.0103270778,0.0195090502,13581.94726
4,2003,1,163,0.8855250202,176358.80699,4048547.088,856527.70326,2519708.0916,1236036.709,0.0016526298,0.0048487769,0.0071686156,0.0087746583,0.011284416,62119.605429
4,2004,1,48,0.936977295,0,961630.17619,221896.8495,44603.943448,71258.077758,0.0036695084,0.0041954562,0.0074340398,0.0091651878,0.0134573607,7051.8164632
4,2005,1,29,0.9997286961,0,55978.674204,162875.66966,36390.163208,20079.006786,0.0039152634,0.0038688586,0.0056124686,0.0077668033,0.0095680144,1605.4596259
4,2006,1,3,0.8715715932,329.89777878,8789.5208708,547.02263875,163.11902944,28.189626881,0.0034133584,0.005250255,0.008953432,0.0127541657,0.0154473204,54.686916173
4,2007,1,0,0.9160708884,11.539246126,1502.7452878,239.03661123,17.506158696,6.7363824242,0.0035876321,0.005518314,0.0094105619,0.0134053473,0.0162360047,10.927535813
4,2008,1,1,0.8245816015,4.5965280648,145458.14811,45899.629211,10488.311639,1868.2848151,0.0032293303,0.0049671922,0.0084707158,0.0120665364,0.0146144921,1265.1977691
4,2009,1,,1,0,0,0,0,0,0.0039163259,0.0060238941,0.0102727441,0.0146335262,0.0177235244,0
4,2010,1,1,0.9008561196,29.461873605,47321.830542,1502.5791346,1006.5003682,172.64137772,0.0035280461,0.0054266618,0.0092542644,0.0131827016,0.0159663454,286.83362536
4,2011,1,3,0.9171001821,89.091640249,3689.8005747,23604.103645,1680.3276744,332.74605392,0.0035916632,0.0055245144,0.0094211355,0.0134204095,0.0162542474,271.04102495
4,2012,1,22,0.9765427721,113.43488724,90841.403641,49265.976574,209882.50144,3090.7309307,0.0027829133,0.0035511132,0.0075409022,0.0088190587,0.0113774669,2580.5444857
4,2013,1,5,0.9751996884,0,218094.49183,115282.84696,80251.945882,149429.13513,0.0038191998,0.0045849959,0.0081655801,0.0125436796,0.0143675687,5094.9017331
4,2014,1,3,0.8653409261,58933.440556,476997.85871,160102.80735,14646.933558,13274.299423,0.0033889571,0.0052127221,0.0088894259,0.0126629891,0.015336891,4498.4626583
4,2015,1,37,0.9967407562,0,892176.88137,32250.01586,9497.0875504,15945.02379,0.0039035616,0.0044339753,0.0093238541,0.0111356271,0.0149575829,4600.8397506
4,2016,1,35,0.9823200083,13130.603488,181725.8642,357275.98538,18139.560849,32126.348596,0.0036871848,0.0048713805,0.0108540613,0.0193541806,0.02589377,5994.5148639
4,2017,1,40,0.9575773014,76.797186051,719959.7021,439492.91723,520472.66813,26572.788716,0.0025229978,0.0078567104,0.0109563493,0.0145191887,0.0197218509,18552.852027
4,2018,1,71,0.9479881398,445.69890913,883639.51843,1248344.7166,342955.8846,1094048.381,0.0036875275,0.0058349772,0.0096125955,0.0134574681,0.0187660796,42303.809729
4,2019,1,32,1.0107831539,1869.3656232,315033.68034,160611.78832,144020.70726,60920.618541,0.0026156896,0.0059164352,0.0101382852,0.013540718,0.0194741,6633.6121326
4,2020,1,40,0.8965127433,9540.0811181,2450513.4644,259038.21807,71541.485882,84843.305421,0.0040698707,0.0064876809,0.0083691735,0.0112043196,0.0117058962,19899.652605
4,2021,1,112,0.9617915524,394190.54523,3289166.966,2138772.4857,344270.25527,369079.13566,0.0039564127,0.0056614056,0.0094522507,0.0121455422,0.0176021204,51075.026848
4,1983,2,,1,0,0,0,0,0,0.0043617489,0.0079893961,0.0122893642,0.0163607819,0.0183462136,0
4,1984,2,,1,0,0,0,0,0,0.0043617489,0.0079893961,0.0122893642,0.0163607819,0.0183462136,0
4,1985,2,0,1.8562119349,7430.6129443,2320.7358479,5088.5859418,1894.9127566,234.20270025,0.0075540443,0.015823176,0.023858805,0.0281181132,0.034568716,275.63762907
4,1986,2,0,0.7341121913,10549.449445,42732.650021,2458.8571117,1482.5346234,110.72872706,0.0026729654,0.0090474523,0.0141780286,0.0120106495,0.013468179,468.97918978
4,1987,2,0,1.5530724625,1499.2463797,19005.831029,652.41930369,0,0,0.0066340316,0.0132708602,0.0183676966,0.0254094799,0.0284929991,274.15321446
4,1988,2,0,1.3065351582,219588.45371,21349.801918,5657.7807108,1980.2232488,282.88903554,0.004254535,0.0056131,0.0151050043,0.021052287,0.0290585565,1189.4547083
4,1989,2,0,0.831114473,102.16342646,122.05204617,8.2818872339,0,0,0.0050425923,0.0091796302,0.0113536188,0.0135976827,0.0152478036,1.729590539
4,1990,2,0,1.4147042355,765.99781063,1845.0667532,612.02840146,91.098567093,26.944646605,0.0023259174,0.0094187249,0.0145503687,0.0220962304,0.0266663186,30.796512145
4,1991,2,1,0.8786869294,2747060.6812,2539249.707,76556.738063,24698.731574,12.086489623,0.0039211282,0.0059687087,0.0122812454,0.0287176584,0.0161205781,27577.315496
4,1992,2,0,1.0205042466,5881.3043451,171303.96164,16766.106417,6890.7819566,1492.2712518,0.0052302739,0.0094408417,0.0162661501,0.0190938889,0.0223540625,2085.6645759
4,1993,2,4,0.8600806301,997613.75225,216282.39852,510910.70167,157018.60531,42720.000359,0.0037514557,0.0068715248,0.0105698441,0.0140715916,0.0157792229,13512.530251
4,1994,2,2,1.211784944,0,308855.79073,84580.827904,301129.98525,146174.07613,0.0052855016,0.0096814299,0.0148920665,0.0198257492,0.0222316654,13469.569725
4,1995,2,0,1.3002335625,5540.4456321,4749.8117765,1565.1482198,178.44846541,109.70846982,0.0056712923,0.010388081,0.0159790438,0.0212728378,0.0238543626,112.18561858
4,1996,2,21,0.8194289203,2537403.0145,2232898.2914,3173227.8785,188330.54309,896738.44675,0.0065315181,0.0075810926,0.0143267731,0.0201642548,0.0248487707,105043.41139
4,1997,2,3,0.8706036637,0,1421438.3529,36869.693998,44347.670196,10514.600105,0.0037973545,0.0069555975,0.0106991655,0.0142437567,0.0159722807,11081.047614
4,1998,2,0,0.7424913743,0,72286.590222,86792.528927,5112.3430176,2561.2325197,0.0032385609,0.0059320577,0.0091247469,0.0121477395,0.0136219053,1317.7603621
4,1999,2,0,1.015913698,0,88496.970464,46990.396408,46283.252587,11117.335273,0.0044311604,0.0081165369,0.0124849334,0.0166211425,0.0186381697,2281.448218
4,2000,2,,1,0,0,0,0,0,0.0043617489,0.0079893961,0.0122893642,0.0163607819,0.0183462136,0
4,2001,2,0,0.5302362899,10878.311646,67467.799974,20023.133061,568.31965911,290.87986345,0.0023127575,0.0042362678,0.0065162669,0.0086750803,0.0097278282,449.20648927
4,2002,2,,1,0,0,0,0,0,0.0043617489,0.0079893961,0.0122893642,0.0163607819,0.0183462136,0
4,2003,2,7,0.900651937,165624.61023,161348.27678,10912.30856,5703.1626667,1514.9664005,0.0032350501,0.0050542014,0.0057049686,0.0070464886,0.0092678938,1467.7728062
4,2004,2,0,0.4000974764,0,5417.6437329,1366.9519416,271.47587426,180.70747411,0.0017451247,0.0031965372,0.0049169436,0.0065459076,0.0073402737,27.142423758
4,2005,2,,1,0,0,0,0,0,0.0043617489,0.0079893961,0.0122893642,0.0163607819,0.0183462136,0
4,2006,2,0,1.1169653193,0.0029211599,1698.4968458,405.36085016,269.07111942,258.50841484,0.0048719222,0.0089238784,0.0137267936,0.018274426,0.0204920843,30.935994726
4,2007,2,,1,0,0,0,0,0,0.0043617489,0.0079893961,0.0122893642,0.0163607819,0.0183462136,0
4,2008,2,,1,0,0,0,0,0,0.0043617489,0.0079893961,0.0122893642,0.0163607819,0.0183462136,0
4,2009,2,,1,0,0,0,0,0,0.0043617489,0.0079893961,0.0122893642,0.0163607819,0.0183462136,0
4,2010,2,,1,0,0,0,0,0,0.0043617489,0.0079893961,0.0122893642,0.0163607819,0.0183462136,0
4,2011,2,,1,0,0,0,0,0,0.0043617489,0.0079893961,0.0122893642,0.0163607819,0.0183462136,0
4,2012,2,,1,0,0,0,0,0,0.0043617489,0.0079893961,0.0122893642,0.0163607819,0.0183462136,0
4,2013,2,,1,0,0,0,0,0,0.0043617489,0.0079893961,0.0122893642,0.0163607819,0.0183462136,0
4,2014,2,,1,0,0,0,0,0,0.0043617489,0.0079893961,0.0122893642,0.0163607819,0.0183462136,0
4,2015,2,,1,0,0,0,0,0,0.0043617489,0.0079893961,0.0122893642,0.0163607819,0.0183462136,0
4,2016,2,,1,0,0,0,0,0,0.0043617489,0.0079893961,0.0122893642,0.0163607819,0.0183462136,0
4,2017,2,0,0.892296743,0.0014097889,0.8651694392,0.1295578616,0.1456089251,0.0317045516,0.0038919743,0.0071289121,0.0109657596,0.0145986724,0.0163702666,0.0102386131
4,2018,2,,1,0,0,0,0,0,0.0043617489,0.0079893961,0.0122893642,0.0163607819,0.0183462136,0
4,2019,2,,1,0,0,0,0,0,0.0043617489,0.0079893961,0.0122893642,0.0163607819,0.0183462136,0
4,2020,2,0,0.719770253,27059.627372,22090.729824,287.15896256,117.54799836,274.72380824,0.0031394571,0.0057505297,0.0088455188,0.0117760042,0.0132050588,219.5379956
4,2021,2,9,0.9820705399,1224.2793397,19510.014208,77093.242706,11850.838466,39949.370414,0.0035234126,0.010445737,0.0132563666,0.019431566,0.0208857702,2294.7401235
5r,1982,1,,1,0,0,0,0,0,0.0042497584,0.00654899,0.0110727645,0.0157197049,0.0181015168,0
5r,1983,1,0,1.0182526812,0,741538.5866,158509.74362,11611.001796,1565.528332,0.0043273279,0.0064525998,0.010285212,0.0164294926,0.0196262579,6636.6464124
5r,1984,1,2,1.0219286924,0,1062484.5279,149637.64494,13876.03594,408.92050903,0.00434295,0.0059932952,0.0117318819,0.0151611911,0.0184984594,8341.2562305
5r,1985,1,2,1.3445685859,27.010457852,72604.110706,88918.427248,27064.478767,12965.019769,0.0064247279,0.0073535462,0.0142263109,0.0258220328,0.028748481,2870.6368871
5r,1986,1,0,0.8896761161,10.607827422,36269.677359,3940.0501853,303.08078348,0,0.003239387,0.0059826989,0.0109107998,0.013985446,0.0161044872,264.25274061
5r,1987,1,0,1.0193710874,0,40888.529912,16917.40327,545.47131686,241.5658689,0.0043320808,0.0064370633,0.0116878292,0.0210420738,0.0184521629,476.86503602
5r,1988,1,0,1.1767711439,3470.4372996,13942.584422,36673.736519,1866.0851195,36.784088785,0.0077105126,0.0063555321,0.012491891,0.0189054043,0.0258275876,609.72485002
5r,1989,1,0,0.8886486183,6741.6519965,62375.692974,2442.803034,3726.4030059,0,0.0038119313,0.0062223238,0.011134951,0.0139836593,0.0160858879,493.12971631
5r,1990,1,0,1.0454117756,0,29456.860217,8784.6693282,1299.6004279,393.4776382,0.0044427475,0.0070819736,0.0108975812,0.0166179274,0.0197053792,333.69464696
5r,1991,1,0,1.0303685625,0,153236.10415,8574.3389301,3324.2953666,1164.2356019,0.0043788175,0.0073700234,0.0125896059,0.0336749887,0.0186512339,1370.961266
5r,1992,1,1,0.8192777908,5663.6181786,408069.89081,167676.17031,20091.375436,12608.784996,0.0020489467,0.0064112283,0.0097882926,0.0146948713,0.0181897949,4793.6884934
5r,1993,1,0,0.9957195763,692.76386737,13899.749835,3443.0207148,1182.7380257,1248.4450734,0.0042315676,0.0065209576,0.0110253684,0.0156524179,0.0180240347,172.54645495
5r,1994,1,0,0.7783483848,0,472230.49971,60905.889836,33483.304575,13599.722975,0.0033077926,0.0050973958,0.0086184684,0.0122354069,0.0140892864,3533.3535029
5r,1995,1,26,0.9857955157,2236990.291,10174722.249,707216.0142,119174.66664,28448.627173,0.0092778865,0.0087222994,0.0135309073,0.0156256676,0.0209157237,121527.9971
5r,1996,1,53,1.0006092161,0,1645560.9638,609583.5852,94723.758058,23605.617177,0.0042523474,0.0098937522,0.0170079149,0.0262899563,0.0330067394,29917.946151
5r,1997,1,8,0.9903269457,0,2749045.6962,75295.483457,128709.04038,42647.617456,0.0042086503,0.0029249857,0.0083580819,0.0102494358,0.0146141958,10612.700703
5r,1998,1,0,0.7777237556,11995.359885,62728.281116,285927.49098,22419.335448,7207.0884315,0.0033051381,0.0050933051,0.008611552,0.0122255879,0.0140779796,3196.9708534
5r,1999,1,0,0.8251948655,369.70423494,12558.399218,2253.4960528,3806.9967964,396.707127,0.0035068788,0.0054041929,0.0091371884,0.0129718197,0.0149372787,145.06453955
5r,2000,1,0,0.8606132608,5671.9940471,35899.848222,3619.288395,988.12464595,1064.0395319,0.0036573984,0.0056361477,0.009529368,0.0135285865,0.0155784054,287.51508759
5r,2001,1,1,0.6556414579,12636.428299,272384.46362,50743.073726,4758.8321323,4927.2557643,0.0027863178,0.0042937894,0.0072597635,0.0103064902,0.0118681049,1680.6773771
5r,2002,1,0,0.8308599433,31.162301763,3898.1568036,669.97019601,151.16567847,25.751965461,0.003530954,0.0054412935,0.0091999165,0.0130608731,0.0150398252,29.846378524
5r,2003,1,0,0.6527999577,1899.5632245,1974.7252806,2516.4842001,609.5109468,287.13975666,0.0027742421,0.0042751804,0.0072283002,0.0102618227,0.0118166694,41.549787201
5r,2004,1,,1,0,0,0,0,0,0.0042497584,0.00654899,0.0110727645,0.0157197049,0.0181015168,0
5r,2005,1,,1,0,0,0,0,0,0.0042497584,0.00654899,0.0110727645,0.0157197049,0.0181015168,0
5r,2006,1,,1,0,0,0,0,0,0.0042497584,0.00654899,0.0110727645,0.0157197049,0.0181015168,0
5r,2007,1,0,0.8448409645,4.502252686,586.32417878,93.264604396,6.8303552199,2.6283255884,0.00359037,0.0055328551,0.0093547251,0.0132806506,0.0152929029,4.2635824673
5r,2008,1,,1,0,0,0,0,0,0.0042497584,0.00654899,0.0110727645,0.0157197049,0.0181015168,0
5r,2009,1,0,0.9434327934,3149.7075527,38598.500877,21158.562359,2529.2754071,670.02652787,0.0040093614,0.006178532,0.0104464092,0.0148304851,0.0170775646,521.09418904
5r,2010,1,,1,0,0,0,0,0,0.0042497584,0.00654899,0.0110727645,0.0157197049,0.0181015168,0
5r,2011,1,,1,0,0,0,0,0,0.0042497584,0.00654899,0.0110727645,0.0157197049,0.0181015168,0
5r,2012,1,,1,0,0,0,0,0,0.0042497584,0.00654899,0.0110727645,0.0157197049,0.0181015168,0
5r,2013,1,,1,0,0,0,0,0,0.0042497584,0.00654899,0.0110727645,0.0157197049,0.0181015168,0
5r,2014,1,,1,0,0,0,0,0,0.0042497584,0.00654899,0.0110727645,0.0157197049,0.0181015168,0
5r,2015,1,,1,0,0,0,0,0,0.0042497584,0.00654899,0.0110727645,0.0157197049,0.0181015168,0
5r,2016,1,,1,0,0,0,0,0,0.0042497584,0.00654899,0.0110727645,0.0157197049,0.0181015168,0
5r,2017,1,0,0.7558634446,177.06219128,161336.47771,10195.194557,14886.47418,685.593575,0.003212237,0.0049501422,0.0083694979,0.0118819503,0.0136822749,1070.7967513
5r,2018,1,,1,0,0,0,0,0,0.0042497584,0.00654899,0.0110727645,0.0157197049,0.0181015168,0
5r,2019,1,0,0.7613882947,18482.224574,24834.682887,4698.3695355,13121.045512,759.04935117,0.0032357163,0.0049863243,0.0084306733,0.0119687993,0.013782283,390.75203079
5r,2020,1,,1,0,0,0,0,0,0.0042497584,0.00654899,0.0110727645,0.0157197049,0.0181015168,0
5r,2021,1,,1,0,0,0,0,0,0.0042497584,0.00654899,0.0110727645,0.0157197049,0.0181015168,0
5r,1982,2,,1,0,0,0,0,0,0.0042942966,0.0088051413,0.0135232213,0.0174979953,0.019985265,0
5r,1983,2,0,1.4716603284,10824.667977,414.5966878,432.3846645,25.997812106,0,0.0037399796,0.0089257152,0.0152566658,0.0185096604,0.0294115217,51.262568009
5r,1984,2,0,1.8894333846,0,5519.4340521,551.39475371,194.77128116,0,0.0081137874,0.0141679576,0.0213365275,0.0280313693,0.037760827,95.423662831
5r,1985,2,0,1.8562119349,687.21662431,214.63212622,470.61539602,175.25008471,21.660122829,0.0075540443,0.015823176,0.023858805,0.0281181132,0.034568716,25.492212069
5r,1986,2,0,1.0499142996,36873.849997,36728.534332,2454.7967697,0,0,0.0038228279,0.0129395066,0.0202771663,0.0183713954,0.0209828156,665.98781678
5r,1987,2,0,1.5530724625,511.75803351,6487.5172248,222.69910029,0,0,0.0066340316,0.0132708602,0.0183676966,0.0271756546,0.0310385648,93.580422677
5r,1988,2,0,1.3065351582,260357.08039,25313.590038,6708.20001,2347.8700035,335.4100005,0.004254535,0.0056131,0.0151050043,0.021052287,0.0290585565,1410.2879722
5r,1989,2,0,0.831114473,94961.762325,113448.40126,7698.0836914,0,0,0.0050425923,0.0091796302,0.0113536188,0.0145428371,0.016610043,1607.6689219
5r,1990,2,0,1.9877895511,99952.32984,13787.097616,2823.4654997,421.04310084,123.83620613,0.0032681279,0.0132341746,0.0204446062,0.0310472357,0.0374686299,584.5546937
5r,1991,2,0,0.82450328,30316.119583,1928.1550792,62.342196557,17.812056159,6.6795210597,0.0036793344,0.0056006522,0.0115239305,0.026946803,0.0164779166,123.65053685
5r,1992,2,1,1.0809968737,147940.48556,1044.7466981,65.296668632,0,0,0.0055403099,0.0100004683,0.0172303618,0.0189152782,0.021604009,831.20917924
5r,1993,2,0,0.7570688338,56300.655612,3285.344358,1375.1627348,374.7474124,127.75640156,0.0032510781,0.006666098,0.0102380094,0.0132471869,0.0151302213,225.91451863
5r,1994,2,0,1.2802895918,0,7421.9774119,2527.6881915,537.79775448,175.45133316,0.0054979433,0.0112731307,0.0173136395,0.0224025012,0.0255869268,143.96967916
5r,1995,2,40,0.9713811226,1267619.8168,1660320.3232,190390.31914,30806.755729,12621.304412,0.008686213,0.0138648433,0.0146830251,0.0170123619,0.0213387748,37619.821478
5r,1996,2,25,0.910830257,507204.23646,420738.46227,54523.284339,15757.985679,23163.489327,0.004981514,0.0083386074,0.0205872464,0.0218334644,0.0250056518,8080.7717309
5r,1997,2,0,0.6591016139,10003.558862,60316.798174,2168.972982,252.75725689,116.76838897,0.0028303778,0.0058034828,0.008913177,0.0115329569,0.0131723204,402.14694314
5r,1998,2,0,0.6648933058,1027.7363729,88.736445497,81.719765385,8.7478069271,2.0612947478,0.0028552491,0.0058544795,0.0089914993,0.0116342999,0.0132880689,4.3178974819
5r,1999,2,1,0.8808461672,64.682585634,2.731070002,0.2306056618,2.5992337538,0.4120787994,0.0037826147,0.007755975,0.0119118777,0.0154130421,0.0176039441,0.3159146687
5r,2000,2,0,0.9022572834,1164.4536758,680.23758395,104.2375596,122.04023505,112.26390111,0.0038745604,0.0079445029,0.0122014249,0.0157876937,0.0180318509,15.138802068
5r,2001,2,,1,0,0,0,0,0,0.0042942966,0.0088051413,0.0135232213,0.0174979953,0.019985265,0
5r,2002,2,,1,0,0,0,0,0,0.0042942966,0.0088051413,0.0135232213,0.0174979953,0.019985265,0
5r,2003,2,,1,0,0,0,0,0,0.0042942966,0.0088051413,0.0135232213,0.0174979953,0.019985265,0
5r,2004,2,,1,0,0,0,0,0,0.0042942966,0.0088051413,0.0135232213,0.0174979953,0.019985265,0
5r,2005,2,,1,0,0,0,0,0,0.0042942966,0.0088051413,0.0135232213,0.0174979953,0.019985265,0
5r,2006,2,,1,0,0,0,0,0,0.0042942966,0.0088051413,0.0135232213,0.0174979953,0.019985265,0
5r,2007,2,,1,0,0,0,0,0,0.0042942966,0.0088051413,0.0135232213,0.0174979953,0.019985265,0
5r,2008,2,,1,0,0,0,0,0,0.0042942966,0.0088051413,0.0135232213,0.0174979953,0.019985265,0
5r,2009,2,,1,0,0,0,0,0,0.0042942966,0.0088051413,0.0135232213,0.0174979953,0.019985265,0
5r,2010,2,,1,0,0,0,0,0,0.0042942966,0.0088051413,0.0135232213,0.0174979953,0.019985265,0
5r,2011,2,,1,0,0,0,0,0,0.0042942966,0.0088051413,0.0135232213,0.0174979953,0.019985265,0
5r,2012,2,,1,0,0,0,0,0,0.0042942966,0.0088051413,0.0135232213,0.0174979953,0.019985265,0
5r,2013,2,,1,0,0,0,0,0,0.0042942966,0.0088051413,0.0135232213,0.0174979953,0.019985265,0
5r,2014,2,,1,0,0,0,0,0,0.0042942966,0.0088051413,0.0135232213,0.0174979953,0.019985265,0
5r,2015,2,,1,0,0,0,0,0,0.0042942966,0.0088051413,0.0135232213,0.0174979953,0.019985265,0
5r,2016,2,,1,0,0,0,0,0,0.0042942966,0.0088051413,0.0135232213,0.0174979953,0.019985265,0
5r,2017,2,,1,0,0,0,0,0,0.0042942966,0.0088051413,0.0135232213,0.0174979953,0.019985265,0
5r,2018,2,,1,0,0,0,0,0,0.0042942966,0.0088051413,0.0135232213,0.0174979953,0.019985265,0
5r,2019,2,,1,0,0,0,0,0,0.0042942966,0.0088051413,0.0135232213,0.0174979953,0.019985265,0
5r,2020,2,,1,0,0,0,0,0,0.0042942966,0.0088051413,0.0135232213,0.0174979953,0.019985265,0
5r,2021,2,0,0.7262615109,0.0291405016,0.0309054973,0.0224196448,0.0031091677,0.007574047,0.0031187824,0.0063948352,0.0098213952,0.0127081205,0.0145145288,0.000658156
6,1982,1,,1,0,0,0,0,0,0.0041379967,0.006769267,0.0109079995,0.0150324084,0.0170575343,0
6,1983,1,0,1.0182526812,0,39713.095165,8488.9884986,621.82714105,83.841861715,0.0042135262,0.0064525998,0.010285212,0.0164294926,0.0196262579,355.42556425
6,1984,1,3,1.0219821445,0,137625.97151,19382.895202,1797.3936341,52.968378216,0.0042289587,0.0059936087,0.0117324955,0.0151619841,0.0174324954,1080.4613734
6,1985,1,2,1.3445685859,9.0239475487,24256.371011,29706.83533,9041.9954438,4331.4948234,0.0064247279,0.0073535462,0.0142263109,0.0258220328,0.028748481,959.05359482
6,1986,1,1,0.8903004998,525.8028252,1797794.9741,195298.19222,15022.937863,0,0.0032416604,0.0059868976,0.0109184571,0.0133833607,0.0151863313,13098.331266
6,1987,1,0,1.0199209221,0,58390.441367,24158.722406,778.95466072,344.96563546,0.0042204294,0.0064405354,0.0116941335,0.0210534236,0.0173973361,680.98217241
6,1988,1,1,1.1767711439,10059.297765,40413.526079,106301.31132,5408.974216,106.62117484,0.0077105126,0.0063555321,0.012491891,0.0189054043,0.0258275876,1767.3288094
6,1989,1,1,0.8886486183,9339.4166211,86410.954469,3384.089726,5162.3000102,0,0.0038119313,0.0062223238,0.011134951,0.0139836593,0.0151581542,683.14767229
6,1990,1,2,1.0454117756,0,42674.680242,12726.507572,1882.7543836,570.03809193,0.0043259104,0.0070819736,0.0108975812,0.0166179274,0.0197053792,483.42940329
6,1991,1,0,1.0313106495,0,2003.2292929,112.0908614,43.45794285,15.219852232,0.00426756,0.007376762,0.0126011168,0.0337057785,0.0175916167,17.922341363
6,1992,1,7,1.081597533,5008.4055333,360861.10233,148278.04995,17767.044446,11150.09991,0.0027049868,0.0066966541,0.0080697713,0.0193999358,0.0240138784,4239.1162712
6,1993,1,5,0.9357077608,3713.2455713,258297.55424,61588.765227,9211.7456692,2029.307978,0.0063382977,0.0122168871,0.0162321702,0.0166075516,0.0186833572,4369.7458594
6,1994,1,4,0.7687339426,0,431140.79488,55606.348538,30569.85637,12416.384324,0.0031810185,0.0052037653,0.0083853494,0.0115559226,0.0131127056,3225.9094632
6,1995,1,2,0.8810123377,1221.8753722,260750.15416,21290.018065,3782.7470666,543.96186264,0.0036456261,0.0059638078,0.0096100821,0.0132437373,0.0150278981,1822.3894253
6,1996,1,1,0.972309909,0,84481.624646,42768.345045,8201.8632291,2708.9460505,0.0040234152,0.0065818254,0.010605956,0.0146161596,0.0165852096,1174.4506662
6,1997,1,4,0.6230497836,2673.6916056,416344.5969,23363.655266,22110.6377,4330.3367639,0.0025781779,0.0042175903,0.0067962267,0.0093659388,0.010627693,2174.7572726
6,1998,1,2,0.7887698372,3629.6739286,18980.940025,86518.751374,6783.86294,2180.7916755,0.003263927,0.0053393936,0.008603901,0.0118571103,0.0134544685,967.37087248
6,1999,1,1,0.8283849614,55.591927114,1888.3895503,338.85516172,572.452973,59.652315567,0.0034278542,0.005607559,0.0090360227,0.012452621,0.0141302049,21.813159134
6,2000,1,3,0.8482038392,14433.817058,91356.203364,9210.1906558,2514.5319709,2707.7165135,0.0035098647,0.0057417183,0.009252207,0.0127505465,0.014468266,731.65453651
6,2001,1,1,0.6451187727,425.05342728,9162.2369118,1706.8523547,160.07354766,165.73883855,0.0026694993,0.0043669812,0.0070369552,0.0096976888,0.0110041356,56.533196119
6,2002,1,6,0.9762072329,0,176830.21053,13083.083394,23975.941972,5333.4292777,0.0040395423,0.0093827114,0.015921694,0.0171839801,0.020924926,2391.0554065
6,2003,1,4,0.6622751708,39612.306785,41179.689426,52477.192056,12710.361151,5987.8334052,0.0027404925,0.0044831175,0.0072240972,0.0099555908,0.0112967814,866.45334896
6,2004,1,1,0.6610208663,4648.6371227,106182.52116,3930.4529456,4879.1997374,1388.829363,0.0027353021,0.0044746267,0.0072104152,0.0099367356,0.0112753861,580.32567895
6,2005,1,1,0.7879238985,649.55945558,28848.586203,10238.739278,864.38630666,841.434985,0.0032604265,0.0053336673,0.0085946735,0.0118443938,0.0134400389,265.53227179
6,2006,1,2,0.7838893059,1138.3740656,30329.887777,1887.6040558,562.87275835,97.273586618,0.0032437313,0.005306356,0.0085506641,0.0117837442,0.0133712187,188.70744546
6,2007,1,1,0.8274856412,839.70777343,109354.36214,17394.628592,1273.9183634,490.2047001,0.0034241328,0.0056014713,0.0090262129,0.0124391021,0.0141148647,795.1937819
6,2008,1,0,0.8022947476,394.94720721,64297.426675,7763.8673122,1884.3421166,338.27726135,0.003319893,0.0054309474,0.0087514307,0.0120604223,0.0136851701,445.80741274
6,2009,1,1,0.9396453915,1612.8450704,19764.819693,10834.492545,1295.1454393,343.09502214,0.0038882495,0.0063607106,0.0102496514,0.0141251333,0.0160280335,266.83245348
6,2010,1,3,0.808161631,11.389179884,18293.366121,580.85728976,389.0863799,66.738583316,0.0033441701,0.0054706619,0.0088154266,0.0121486157,0.0137852447,110.88228128
6,2011,1,4,0.9276378241,0,621.26443679,43568.549193,2051.213766,381.95866875,0.0038385622,0.0062794281,0.0101186729,0.0139446306,0.015823214,479.40431434
6,2012,1,12,0.9734178982,0,1949.6188079,396.42100717,10098.017314,751.90694789,0.004028,0.0075326937,0.0119246489,0.0174299592,0.0201088061,210.54104369
6,2013,1,3,0.6919833102,12.528640479,8761.5925406,2291.6855677,442.1471876,931.97277388,0.0028634246,0.0046842198,0.0075481536,0.0104021757,0.011803529,73.974955039
6,2014,1,5,0.9873352365,0,85.571128699,1059.3982292,820.03369269,1895.4624504,0.0040855899,0.0070430537,0.0132458316,0.0165981162,0.0192683195,64.768683157
6,2015,1,4,0.8306754921,63.415679848,26180.887865,3307.8351088,1024.7045311,424.90357655,0.0034373324,0.0056230642,0.0090610078,0.0124870532,0.0141692757,196.22322991
6,2016,1,0,0.8589339309,2708.3418417,1159.1107985,2937.7785306,407.2239817,207.02436209,0.0035542657,0.0058143531,0.0093692508,0.0129118456,0.0146512949,52.181618297
6,2017,1,0,0.7438435527,0.000221069,0.2014348782,0.0127290976,0.018586343,0.0008559903,0.0030780221,0.0050352756,0.0081138451,0.0111817601,0.0126881369,0.0013369315
6,2018,1,0,0.7079403933,0.0346885702,0.1588477147,1.4414428643,0.0705922084,0.0664220157,0.002929455,0.0047922376,0.0077222134,0.0106420491,0.0120757175,0.0135473233
6,2019,1,0,0.7721910963,4557.1661283,6123.4931546,1158.477997,3235.2590423,187.15896341,0.0031953242,0.0052271677,0.0084230601,0.0116078919,0.0131716761,96.347813118
6,2020,1,1,0.9775661715,399.03518406,10826.932223,939.40499747,347.65670661,452.87980508,0.0040451656,0.0066174064,0.0106632913,0.0146951739,0.0166748685,95.938110413
6,2021,1,2,1.0065868098,316.66084735,7196.0363443,4927.8862784,691.9214445,1034.2596986,0.0041652529,0.0068138549,0.0109798484,0.015131424,0.017169889,132.68704499
6,1983,2,0,1.4716603284,24510.371599,938.77418713,979.0516275,58.867028236,0,0.0037399796,0.0089257152,0.0152566658,0.0185096604,0.0248307791,116.07419217
6,1984,2,0,1.8894333846,0,4083.8445724,407.97850848,144.11181145,0,0.007941945,0.0141679576,0.0213365275,0.0280313693,0.0318797089,70.604232944
6,1985,2,1,1.8562119349,30404.744922,9496.0378124,20821.587497,7753.6455533,958.31574254,0.0075540443,0.015823176,0.023858805,0.0281181132,0.034568716,1127.8600925
6,1986,2,0,1.0499142996,66929.125919,66665.365817,4455.6617255,0,0,0.0038228279,0.0129395066,0.0202771663,0.0148777519,0.0177148147,1208.8236637
6,1987,2,0,1.5530724625,9.5515679834,121.08449259,4.1565065071,0,0,0.0066340316,0.0132708602,0.0183676966,0.0220077266,0.0262044158,1.7466062291
6,1988,2,0,1.3065351582,7889.2107798,767.03981741,203.26854086,71.1439893,10.163427043,0.004254535,0.0056131,0.0151050043,0.021052287,0.0290585565,42.733844827
6,1989,2,0,0.831114473,650.32953537,776.93214906,52.719021507,0,0,0.0050425923,0.0091796302,0.0113536188,0.0117772612,0.0140230863,11.009848148
6,1990,2,0,1.9877895511,2619.1344458,361.27484302,73.985626535,11.032944308,3.2449836199,0.0032681279,0.0132341746,0.0204446062,0.0310472357,0.0374686299,15.31757525
6,1991,2,,1,0,0,0,0,0,0.0042033475,0.0082329188,0.0118431616,0.0141704441,0.0168726292,0
6,1992,2,0,1.0809968737,1027.2302815,7.2542376802,0.453389855,0,0,0.0055403099,0.0100004683,0.0172303618,0.0153182058,0.0182392594,5.7715319504
6,1993,2,2,0.7865388694,22335.066294,1310.7708546,547.7291913,148.95909639,50.737818191,0.0033060962,0.0064755107,0.0093151069,0.0111456051,0.0132709787,89.765523332
6,1994,2,0,1.4167243853,0,25427.870182,8659.9195371,1842.5078286,601.10041777,0.0059549848,0.0116637768,0.0167784959,0.0200756138,0.0239038653,493.24352645
6,1995,2,0,1.3150455805,27.627209064,23.684745177,7.8045485789,0.8898260877,0.5470568675,0.0055275935,0.0108266635,0.0155742973,0.0186347799,0.0221882765,0.55940907
6,1996,2,0,0.789780131,16779.396056,3679.4077353,583.34144619,90.8972157,165.16744626,0.0033197203,0.0065021957,0.0093534937,0.0111915352,0.0133256673,88.301657418
6,1997,2,0,0.7056805281,4205.0134408,25354.271468,911.73158153,106.24695443,49.083796265,0.0029662205,0.0058098105,0.0083574885,0.0099998065,0.0119066859,169.04316998
6,1998,2,0,0.6990222282,721.95998926,62.335210591,57.406162217,6.1451231674,1.4480097943,0.0029382333,0.0057549933,0.0082786332,0.0099054554,0.0117943429,3.0332187337
6,1999,2,0,0.9267503959,22558.953057,952.49871919,80.426937932,906.51899055,143.71822337,0.0038954539,0.0076298608,0.0109756547,0.0131324647,0.0156367158,110.17964281
6,2000,2,0,0.9860485936,60.496212995,35.340004176,5.4153958533,6.3402883318,5.8323839015,0.0041447049,0.008118058,0.0116779329,0.0139727465,0.0166372323,0.7864977486
6,2001,2,0,0.655002404,65506.738641,7762.3817305,173.33690472,25.345040872,92.805820897,0.0027532027,0.0053925816,0.0077572993,0.009281675,0.0110516127,224.8181309
6,2002,2,0,1.0874176241,0,19.078002296,3.3514030983,0.8464152323,0.5850669151,0.0045707941,0.008952621,0.0128784627,0.0154091907,0.0183475944,0.2377361881
6,2003,2,0,0.6714866813,14371.90844,576.75360638,1011.4308327,46.309042517,9.0815752126,0.0028224918,0.0055282953,0.0079525253,0.0095152645,0.0113297458,52.340022542
6,2004,2,0,0.670979633,132.26649544,198.44992303,9.1615869422,13.621704711,2.280317888,0.0028203605,0.0055241208,0.0079465202,0.0095080794,0.0113211906,1.69743546
6,2005,2,0,0.9329731012,0.2152704415,12.150971355,10.740845818,1.0358761005,2.0967244587,0.0039216101,0.0076810918,0.0110493512,0.0132206432,0.0157417092,0.259557286
6,2006,2,0,1.1475232255,0.0000568723,33.068150229,7.8919978701,5.2385638637,5.0329178522,0.0048234388,0.0094474656,0.013590303,0.0162609138,0.0193617339,0.6022949784
6,2007,2,0,0.7004052194,0.8886751597,115.79201859,18.44393354,1.3561478658,0.5201255982,0.0029440465,0.0057663793,0.0082950122,0.009925053,0.0118176776,0.8429161711
6,2008,2,0,0.8120660775,0.223172898,27.468232205,2.5275506746,1.317617328,0.1331935721,0.0034133959,0.0066856741,0.0096174298,0.011507337,0.0137016898,0.2257012105
6,2009,2,0,0.4602038994,16.694919501,98.29035462,3.9302232199,0.6611924099,0.1663509927,0.0019343969,0.0037888213,0.0054502692,0.0065212936,0.0077648498,0.4317234884
6,2010,2,,1,0,0,0,0,0,0.0042033475,0.0082329188,0.0118431616,0.0141704441,0.0168726292,0
6,2011,2,,1,0,0,0,0,0,0.0042033475,0.0082329188,0.0118431616,0.0141704441,0.0168726292,0
6,2012,2,0,0.8828200484,0.0139962715,6.1870228488,3.2123442907,12.215336338,0.7648347579,0.0037107994,0.0072681858,0.0104553805,0.0125099522,0.0148954953,0.2428125168
6,2013,2,,1,0,0,0,0,0,0.0042033475,0.0082329188,0.0118431616,0.0141704441,0.0168726292,0
6,2014,2,0,1.1475950925,28.04609816,5.5250128488,4.8367518069,2.2189951761,4.7881522793,0.0048237409,0.0094480572,0.0135911541,0.0162619322,0.0193629465,0.3820226737
6,2015,2,0,0.7115218992,0.0874500229,36.180094986,4.5842537563,1.4184788079,0.5906444297,0.0029907738,0.005857902,0.0084266688,0.0100825813,0.0120052452,0.2722237426
6,2016,2,0,0.8030023794,1.1493102971,0.4918795536,1.2466739109,0.1728093213,0.0878527324,0.003375298,0.0066110534,0.009510087,0.0113789004,0.0135487614,0.0221437598
6,2017,2,0,0.909173399,0.0000191366,0.011743913,0.0017586338,0.0019765129,0.0004303614,0.0038215717,0.0074851508,0.0107674875,0.0128833909,0.0153401457,0.0001389802
6,2018,2,,1,0,0,0,0,0,0.0042033475,0.0082329188,0.0118431616,0.0141704441,0.0168726292,0
6,2019,2,,1,0,0,0,0,0,0.0042033475,0.0082329188,0.0118431616,0.0141704441,0.0168726292,0
6,2020,2,,1,0,0,0,0,0,0.0042033475,0.0082329188,0.0118431616,0.0141704441,0.0168726292,0
6,2021,2,,1,0,0,0,0,0,0.0042033475,0.0082329188,0.0118431616,0.0141704441,0.0168726292,0
7r,1983,1,,1,0,0,0,0,0,0.0035212649,0.0063559825,0.0106697687,0.0154795336,0.0160988258,0
7r,1984,1,0,1.0220312354,0,34482.971259,4856.4948233,450.34721535,13.27152894,0.0035988428,0.0059938966,0.0117330591,0.0151627124,0.0164535028,270.71575285
7r,1985,1,,1,0,0,0,0,0,0.0035212649,0.0063559825,0.0106697687,0.0154795336,0.0160988258,0
7r,1986,1,0,0.8898942033,27.745409905,94865.520094,10305.437965,792.72599727,0,0.003240181,0.0059841654,0.0109134744,0.0137751472,0.0143262517,691.16891849
7r,1987,1,0,1.0204263682,0,1596.2266496,660.42995431,21.294378997,9.4303678413,0.0035931916,0.0064437271,0.0116999288,0.0210638571,0.0164276663,18.61609308
7r,1988,1,,1,0,0,0,0,0,0.0035212649,0.0063559825,0.0106697687,0.0154795336,0.0160988258,0
7r,1989,1,0,0.8886486183,1868.1352739,17284.522005,676.9092379,1032.5992656,0,0.0038119313,0.0062223238,0.011134951,0.0139836593,0.0143061993,136.64796375
7r,1990,1,,1,0,0,0,0,0,0.0035212649,0.0063559825,0.0106697687,0.0154795336,0.0160988258,0
7r,1991,1,0,1.0321773042,0,1815.5582397,101.58971204,39.386617648,13.793991643,0.0036345698,0.007382961,0.0126117061,0.0337341029,0.0166168426,16.243300081
7r,1992,1,,1,0,0,0,0,0,0.0035212649,0.0063559825,0.0106697687,0.0154795336,0.0160988258,0
7r,1993,1,,1,0,0,0,0,0,0.0035212649,0.0063559825,0.0106697687,0.0154795336,0.0160988258,0
7r,1994,1,,1,0,0,0,0,0,0.0035212649,0.0063559825,0.0106697687,0.0154795336,0.0160988258,0
7r,1995,1,0,0.9316453298,827.52714706,176595.61365,14418.874715,2561.9027596,368.4035365,0.00328057,0.0059215214,0.0099404402,0.0144214352,0.0149983958,1234.2312123
7r,1996,1,0,1.0090961812,0,81022.104748,41016.982648,7865.9971853,2598.0147941,0.003553295,0.0064137977,0.0107668229,0.0156203382,0.0162452636,1126.356948
7r,1997,1,0,0.6556488587,3628.7063077,565058.53622,31708.908782,30008.326436,5877.087805,0.0023087133,0.0041672927,0.0069956217,0.0101491385,0.0105551767,2951.5578446
7r,1998,1,0,0.8083803584,9301.885249,48643.08186,221724.46148,17385.229597,5588.7868488,0.0028465214,0.0051380514,0.0086252315,0.0125133509,0.0130139745,2479.1132829
7r,1999,1,0,0.8508976245,5495.7562234,186684.09537,33498.845256,56592.065653,5897.1617201,0.002996236,0.0054082904,0.0090788809,0.0131714984,0.0136984526,2156.4247056
7r,2000,1,0,0.9007537943,74934.405366,474283.60414,47815.498654,13054.409465,14057.343669,0.0031717928,0.0057251754,0.0096108347,0.0139432486,0.0145010784,3798.4475906
7r,2001,1,0,0.6803889435,5531.4484972,119233.10893,22212.186249,2083.1230331,2156.8485056,0.0023958297,0.0043245402,0.0072595927,0.0105321035,0.0109534631,735.69683868
7r,2002,1,0,0.857917726,135.76632998,16983.291123,2918.8920447,658.59093278,112.1948522,0.0030209556,0.0054529101,0.0091537837,0.0132801662,0.013811468,130.0331826
7r,2003,1,0,0.6907919554,3281.361141,3411.1982777,4347.0485003,1052.8870585,496.01362428,0.0024324615,0.0043906616,0.0073705904,0.0106931373,0.0111209393,71.774319158
7r,2004,1,,1,0,0,0,0,0,0.0035212649,0.0063559825,0.0106697687,0.0154795336,0.0160988258,0
7r,2005,1,,1,0,0,0,0,0,0.0035212649,0.0063559825,0.0106697687,0.0154795336,0.0160988258,0
7r,2006,1,,1,0,0,0,0,0,0.0035212649,0.0063559825,0.0106697687,0.0154795336,0.0160988258,0
7r,2007,1,,1,0,0,0,0,0,0.0035212649,0.0063559825,0.0106697687,0.0154795336,0.0160988258,0
7r,2008,1,,1,0,0,0,0,0,0.0035212649,0.0063559825,0.0106697687,0.0154795336,0.0160988258,0
7r,2009,1,,1,0,0,0,0,0,0.0035212649,0.0063559825,0.0106697687,0.0154795336,0.0160988258,0
7r,2010,1,,1,0,0,0,0,0,0.0035212649,0.0063559825,0.0106697687,0.0154795336,0.0160988258,0
7r,2011,1,,1,0,0,0,0,0,0.0035212649,0.0063559825,0.0106697687,0.0154795336,0.0160988258,0
7r,2012,1,,1,0,0,0,0,0,0.0035212649,0.0063559825,0.0106697687,0.0154795336,0.0160988258,0
7r,2013,1,,1,0,0,0,0,0,0.0035212649,0.0063559825,0.0106697687,0.0154795336,0.0160988258,0
7r,2014,1,,1,0,0,0,0,0,0.0035212649,0.0063559825,0.0106697687,0.0154795336,0.0160988258,0
7r,2015,1,,1,0,0,0,0,0,0.0035212649,0.0063559825,0.0106697687,0.0154795336,0.0160988258,0
7r,2016,1,,1,0,0,0,0,0,0.0035212649,0.0063559825,0.0106697687,0.0154795336,0.0160988258,0
7r,2017,1,,1,0,0,0,0,0,0.0035212649,0.0063559825,0.0106697687,0.0154795336,0.0160988258,0
7r,2018,1,,1,0,0,0,0,0,0.0035212649,0.0063559825,0.0106697687,0.0154795336,0.0160988258,0
7r,2019,1,,1,0,0,0,0,0,0.0035212649,0.0063559825,0.0106697687,0.0154795336,0.0160988258,0
7r,2020,1,,1,0,0,0,0,0,0.0035212649,0.0063559825,0.0106697687,0.0154795336,0.0160988258,0
7r,2021,1,,1,0,0,0,0,0,0.0035212649,0.0063559825,0.0106697687,0.0154795336,0.0160988258,0
7r,1983,2,,1,0,0,0,0,0,0.0037419831,0.0078110635,0.0116280686,0.0148718024,0.0156960591,0
7r,1984,2,0,1.8894333846,0,33.432360787,3.3399127824,1.1797701868,0,0.0070702278,0.0141679576,0.0213365275,0.0280313693,0.0296566581,0.5780009858
7r,1985,2,,1,0,0,0,0,0,0.0037419831,0.0078110635,0.0116280686,0.0148718024,0.0156960591,0
7r,1986,2,0,1.0499142996,40982.581342,40821.073632,2728.3266678,0,0,0.0038228279,0.0129395066,0.0202771663,0.015614118,0.0164795169,740.19664005
7r,1987,2,,1,0,0,0,0,0,0.0037419831,0.0078110635,0.0116280686,0.0148718024,0.0156960591,0
7r,1988,2,0,1.3065351582,2224.8411618,216.31336849,57.323885649,20.063359977,2.8661942825,0.004254535,0.0056131,0.0151050043,0.021052287,0.0290585565,12.051397742
7r,1989,2,,1,0,0,0,0,0,0.0037419831,0.0078110635,0.0116280686,0.0148718024,0.0156960591,0
7r,1990,2,,1,0,0,0,0,0,0.0037419831,0.0078110635,0.0116280686,0.0148718024,0.0156960591,0
7r,1991,2,0,0.8246608211,157.28456433,10.003557044,0.3234406435,0.0924116124,0.0346543547,0.0036800374,0.0056017224,0.0115261324,0.0269519518,0.012943925,0.6415174859
7r,1992,2,,1,0,0,0,0,0,0.0037419831,0.0078110635,0.0116280686,0.0148718024,0.0156960591,0
7r,1993,2,0,0.8692126948,3435.3449201,200.46464697,83.909472528,22.866281139,7.7954208588,0.0032525792,0.0067894755,0.0101072649,0.0129267594,0.0136432139,13.784818055
7r,1994,2,,1,0,0,0,0,0,0.0037419831,0.0078110635,0.0116280686,0.0148718024,0.0156960591,0
7r,1995,2,,1,0,0,0,0,0,0.0037419831,0.0078110635,0.0116280686,0.0148718024,0.0156960591,0
7r,1996,2,0,0.8635375707,2219.4906297,486.69278465,77.161351303,12.023407627,21.847484741,0.003231343,0.0067451468,0.0100412742,0.0128423601,0.0135541368,11.680080771
7r,1997,2,0,0.7455667639,10737.662743,64743.102476,2328.1414845,271.3056641,125.33735215,0.0027898982,0.0058236693,0.0086695015,0.0110879216,0.01170246,431.65820366
7r,1998,2,0,0.7640144958,748710.82942,64644.922043,59533.237252,6372.8188985,1501.6630149,0.0028589293,0.0059677657,0.008884013,0.0113622726,0.0119920167,3145.6088256
7r,1999,2,0,1.0152200848,464205.53014,19599.986391,1654.9805865,18653.841228,2957.3532913,0.0037989364,0.0079299485,0.0118050488,0.0150981525,0.0159349545,2267.2151218
7r,2000,2,0,1.0469517243,43148.707735,25206.131691,3862.5117404,4522.1879956,4159.9269757,0.0039176757,0.0081778064,0.0121740265,0.0155700592,0.0164330162,560.96670865
7r,2001,2,0,0.7261409207,68809.942399,8153.802965,182.07748817,26.623074797,97.485591906,0.002717207,0.0056719328,0.0084436165,0.0107990243,0.0113975508,236.15467597
7r,2002,2,0,1.1333680606,0,36475.046563,6407.5149045,1618.2530293,1118.5837301,0.0042410441,0.0088528099,0.0131788816,0.0168552258,0.0177894121,454.52549998
7r,2003,2,0,0.7384655538,56781.005573,2278.6569977,3995.9939898,182.95927866,35.879784156,0.0027633256,0.0057682013,0.0085869282,0.0109823138,0.011590999,206.78667165
7r,2004,2,,1,0,0,0,0,0,0.0037419831,0.0078110635,0.0116280686,0.0148718024,0.0156960591,0
7r,2005,2,,1,0,0,0,0,0,0.0037419831,0.0078110635,0.0116280686,0.0148718024,0.0156960591,0
7r,2006,2,0,1.1880283909,0.000014771,8.5885303679,2.0497264861,1.3605709578,1.3071601379,0.0044455822,0.0092797652,0.0138144757,0.0176681235,0.0186473639,0.1564293339
7r,2007,2,,1,0,0,0,0,0,0.0037419831,0.0078110635,0.0116280686,0.0148718024,0.0156960591,0
7r,2008,2,,1,0,0,0,0,0,0.0037419831,0.0078110635,0.0116280686,0.0148718024,0.0156960591,0
7r,2009,2,,1,0,0,0,0,0,0.0037419831,0.0078110635,0.0116280686,0.0148718024,0.0156960591,0
7r,2010,2,,1,0,0,0,0,0,0.0037419831,0.0078110635,0.0116280686,0.0148718024,0.0156960591,0
7r,2011,2,,1,0,0,0,0,0,0.0037419831,0.0078110635,0.0116280686,0.0148718024,0.0156960591,0
7r,2012,2,,1,0,0,0,0,0,0.0037419831,0.0078110635,0.0116280686,0.0148718024,0.0156960591,0
7r,2013,2,,1,0,0,0,0,0,0.0037419831,0.0078110635,0.0116280686,0.0148718024,0.0156960591,0
7r,2014,2,,1,0,0,0,0,0,0.0037419831,0.0078110635,0.0116280686,0.0148718024,0.0156960591,0
7r,2015,2,,1,0,0,0,0,0,0.0037419831,0.0078110635,0.0116280686,0.0148718024,0.0156960591,0
7r,2016,2,,1,0,0,0,0,0,0.0037419831,0.0078110635,0.0116280686,0.0148718024,0.0156960591,0
7r,2017,2,0,0.9365058941,0.0000457942,0.0281033318,0.0042084329,0.0047298203,0.0010298602,0.0035043892,0.007315107,0.0108897548,0.0139275306,0.0146994519,0.0003325813
7r,2018,2,,1,0,0,0,0,0,0.0037419831,0.0078110635,0.0116280686,0.0148718024,0.0156960591,0
7r,2019,2,,1,0,0,0,0,0,0.0037419831,0.0078110635,0.0116280686,0.0148718024,0.0156960591,0
7r,2020,2,,1,0,0,0,0,0,0.0037419831,0.0078110635,0.0116280686,0.0148718024,0.0156960591,0
7r,2021,2,0,0.8478476632,0.1479634166,0.1569253348,0.113837685,0.0157870679,0.0384578783,0.0031726316,0.0066225919,0.0098588308,0.0126090229,0.0133078671,0.0033418442
NA,1983,1,,1,0,0,0,0,0,0.0065522618,0.0054008225,0.0106153954,0.0160654894,0.0219478424,0
NA,1984,1,,1,0,0,0,0,0,0.0065522618,0.0054008225,0.0106153954,0.0160654894,0.0219478424,0
NA,1985,1,,1,0,0,0,0,0,0.0065522618,0.0054008225,0.0106153954,0.0160654894,0.0219478424,0
NA,1986,1,,1,0,0,0,0,0,0.0065522618,0.0054008225,0.0106153954,0.0160654894,0.0219478424,0
NA,1987,1,,1,0,0,0,0,0,0.0065522618,0.0054008225,0.0106153954,0.0160654894,0.0219478424,0
NA,1988,1,0,0.9735087056,263.99647529,436.7096623,1872.8876705,3330.4456749,514.79312682,0.0063786839,0.0052577477,0.0103341799,0.0156398938,0.0213664156,86.421917758
NA,1989,1,,1,0,0,0,0,0,0.0065522618,0.0054008225,0.0106153954,0.0160654894,0.0219478424,0
NA,1990,1,,1,0,0,0,0,0,0.0065522618,0.0054008225,0.0106153954,0.0160654894,0.0219478424,0
NA,1991,1,,1,0,0,0,0,0,0.0065522618,0.0054008225,0.0106153954,0.0160654894,0.0219478424,0
NA,1992,1,,1,0,0,0,0,0,0.0065522618,0.0054008225,0.0106153954,0.0160654894,0.0219478424,0
NA,1993,1,,1,0,0,0,0,0,0.0065522618,0.0054008225,0.0106153954,0.0160654894,0.0219478424,0
NA,1994,1,,1,0,0,0,0,0,0.0065522618,0.0054008225,0.0106153954,0.0160654894,0.0219478424,0
NA,1995,1,,1,0,0,0,0,0,0.0065522618,0.0054008225,0.0106153954,0.0160654894,0.0219478424,0
NA,1996,1,,1,0,0,0,0,0,0.0065522618,0.0054008225,0.0106153954,0.0160654894,0.0219478424,0
NA,1997,1,,1,0,0,0,0,0,0.0065522618,0.0054008225,0.0106153954,0.0160654894,0.0219478424,0
NA,1998,1,,1,0,0,0,0,0,0.0065522618,0.0054008225,0.0106153954,0.0160654894,0.0219478424,0
NA,1999,1,,1,0,0,0,0,0,0.0065522618,0.0054008225,0.0106153954,0.0160654894,0.0219478424,0
NA,2000,1,,1,0,0,0,0,0,0.0065522618,0.0054008225,0.0106153954,0.0160654894,0.0219478424,0
NA,2001,1,,1,0,0,0,0,0,0.0065522618,0.0054008225,0.0106153954,0.0160654894,0.0219478424,0
NA,2002,1,,1,0,0,0,0,0,0.0065522618,0.0054008225,0.0106153954,0.0160654894,0.0219478424,0
NA,2003,1,,1,0,0,0,0,0,0.0065522618,0.0054008225,0.0106153954,0.0160654894,0.0219478424,0
NA,2004,1,,1,0,0,0,0,0,0.0065522618,0.0054008225,0.0106153954,0.0160654894,0.0219478424,0
NA,2005,1,,1,0,0,0,0,0,0.0065522618,0.0054008225,0.0106153954,0.0160654894,0.0219478424,0
NA,2006,1,,1,0,0,0,0,0,0.0065522618,0.0054008225,0.0106153954,0.0160654894,0.0219478424,0
NA,2007,1,,1,0,0,0,0,0,0.0065522618,0.0054008225,0.0106153954,0.0160654894,0.0219478424,0
NA,2008,1,,1,0,0,0,0,0,0.0065522618,0.0054008225,0.0106153954,0.0160654894,0.0219478424,0
NA,2009,1,,1,0,0,0,0,0,0.0065522618,0.0054008225,0.0106153954,0.0160654894,0.0219478424,0
NA,2010,1,,1,0,0,0,0,0,0.0065522618,0.0054008225,0.0106153954,0.0160654894,0.0219478424,0
NA,2011,1,,1,0,0,0,0,0,0.0065522618,0.0054008225,0.0106153954,0.0160654894,0.0219478424,0
NA,2012,1,,1,0,0,0,0,0,0.0065522618,0.0054008225,0.0106153954,0.0160654894,0.0219478424,0
NA,2013,1,,1,0,0,0,0,0,0.0065522618,0.0054008225,0.0106153954,0.0160654894,0.0219478424,0
NA,2014,1,,1,0,0,0,0,0,0.0065522618,0.0054008225,0.0106153954,0.0160654894,0.0219478424,0
NA,2015,1,,1,0,0,0,0,0,0.0065522618,0.0054008225,0.0106153954,0.0160654894,0.0219478424,0
NA,2016,1,,1,0,0,0,0,0,0.0065522618,0.0054008225,0.0106153954,0.0160654894,0.0219478424,0
NA,2017,1,,1,0,0,0,0,0,0.0065522618,0.0054008225,0.0106153954,0.0160654894,0.0219478424,0
NA,2018,1,,1,0,0,0,0,0,0.0065522618,0.0054008225,0.0106153954,0.0160654894,0.0219478424,0
NA,2019,1,,1,0,0,0,0,0,0.0065522618,0.0054008225,0.0106153954,0.0160654894,0.0219478424,0
NA,2020,1,,1,0,0,0,0,0,0.0065522618,0.0054008225,0.0106153954,0.0160654894,0.0219478424,0
NA,2021,1,,1,0,0,0,0,0,0.0065522618,0.0054008225,0.0106153954,0.0160654894,0.0219478424,0
NA,1983,2,,1,0,0,0,0,0,0.0056312658,0.0067360942,0.01139765,0.0156582218,0.018581477,0
NA,1984,2,,1,0,0,0,0,0,0.0056312658,0.0067360942,0.01139765,0.0156582218,0.018581477,0
NA,1985,2,,1,0,0,0,0,0,0.0056312658,0.0067360942,0.01139765,0.0156582218,0.018581477,0
NA,1986,2,,1,0,0,0,0,0,0.0056312658,0.0067360942,0.01139765,0.0156582218,0.018581477,0
NA,1987,2,,1,0,0,0,0,0,0.0056312658,0.0067360942,0.01139765,0.0156582218,0.018581477,0
NA,1988,2,,1,0,0,0,0,0,0.0056312658,0.0067360942,0.01139765,0.0156582218,0.018581477,0
NA,1989,2,,1,0,0,0,0,0,0.0056312658,0.0067360942,0.01139765,0.0156582218,0.018581477,0
NA,1990,2,,1,0,0,0,0,0,0.0056312658,0.0067360942,0.01139765,0.0156582218,0.018581477,0
NA,1991,2,,1,0,0,0,0,0,0.0056312658,0.0067360942,0.01139765,0.0156582218,0.018581477,0
NA,1992,2,,1,0,0,0,0,0,0.0056312658,0.0067360942,0.01139765,0.0156582218,0.018581477,0
NA,1993,2,,1,0,0,0,0,0,0.0056312658,0.0067360942,0.01139765,0.0156582218,0.018581477,0
NA,1994,2,,1,0,0,0,0,0,0.0056312658,0.0067360942,0.01139765,0.0156582218,0.018581477,0
NA,1995,2,,1,0,0,0,0,0,0.0056312658,0.0067360942,0.01139765,0.0156582218,0.018581477,0
NA,1996,2,,1,0,0,0,0,0,0.0056312658,0.0067360942,0.01139765,0.0156582218,0.018581477,0
NA,1997,2,,1,0,0,0,0,0,0.0056312658,0.0067360942,0.01139765,0.0156582218,0.018581477,0
NA,1998,2,,1,0,0,0,0,0,0.0056312658,0.0067360942,0.01139765,0.0156582218,0.018581477,0
NA,1999,2,,1,0,0,0,0,0,0.0056312658,0.0067360942,0.01139765,0.0156582218,0.018581477,0
NA,2000,2,,1,0,0,0,0,0,0.0056312658,0.0067360942,0.01139765,0.0156582218,0.018581477,0
NA,2001,2,,1,0,0,0,0,0,0.0056312658,0.0067360942,0.01139765,0.0156582218,0.018581477,0
NA,2002,2,,1,0,0,0,0,0,0.0056312658,0.0067360942,0.01139765,0.0156582218,0.018581477,0
NA,2003,2,,1,0,0,0,0,0,0.0056312658,0.0067360942,0.01139765,0.0156582218,0.018581477,0
NA,2004,2,,1,0,0,0,0,0,0.0056312658,0.0067360942,0.01139765,0.0156582218,0.018581477,0
NA,2005,2,,1,0,0,0,0,0,0.0056312658,0.0067360942,0.01139765,0.0156582218,0.018581477,0
NA,2006,2,,1,0,0,0,0,0,0.0056312658,0.0067360942,0.01139765,0.0156582218,0.018581477,0
NA,2007,2,,1,0,0,0,0,0,0.0056312658,0.0067360942,0.01139765,0.0156582218,0.018581477,0
NA,2008,2,,1,0,0,0,0,0,0.0056312658,0.0067360942,0.01139765,0.0156582218,0.018581477,0
NA,2009,2,,1,0,0,0,0,0,0.0056312658,0.0067360942,0.01139765,0.0156582218,0.018581477,0
NA,2010,2,,1,0,0,0,0,0,0.0056312658,0.0067360942,0.01139765,0.0156582218,0.018581477,0
NA,2011,2,,1,0,0,0,0,0,0.0056312658,0.0067360942,0.01139765,0.0156582218,0.018581477,0
NA,2012,2,,1,0,0,0,0,0,0.0056312658,0.0067360942,0.01139765,0.0156582218,0.018581477,0
NA,2013,2,,1,0,0,0,0,0,0.0056312658,0.0067360942,0.01139765,0.0156582218,0.018581477,0
NA,2014,2,,1,0,0,0,0,0,0.0056312658,0.0067360942,0.01139765,0.0156582218,0.018581477,0
NA,2015,2,,1,0,0,0,0,0,0.0056312658,0.0067360942,0.01139765,0.0156582218,0.018581477,0
NA,2016,2,0,0.7815566404,2.7937512797,1.1956641613,3.0304234137,0.4200660723,0.2135530189,0.0044011532,0.0052646391,0.0089079091,0.0122377873,0.0145224767,0.0538272018
NA,2017,2,,1,0,0,0,0,0,0.0056312658,0.0067360942,0.01139765,0.0156582218,0.018581477,0
NA,2018,2,,1,0,0,0,0,0,0.0056312658,0.0067360942,0.01139765,0.0156582218,0.018581477,0
NA,2019,2,,1,0,0,0,0,0,0.0056312658,0.0067360942,0.01139765,0.0156582218,0.018581477,0
NA,2020,2,,1,0,0,0,0,0,0.0056312658,0.0067360942,0.01139765,0.0156582218,0.018581477,0
NA,2021,2,,1,0,0,0,0,0,0.0056312658,0.0067360942,0.01139765,0.0156582218,0.018581477,0
